Nov 14, 2023 6:43:56 AM com.google.cloud.datastore.emulator.firestore.websocket.WebSocketServer start
INFO: Started WebSocket server on ws://127.0.0.1:9150
API endpoint: http://127.0.0.1:8080
If you are using a library that supports the FIRESTORE_EMULATOR_HOST environment variable, run:

   export FIRESTORE_EMULATOR_HOST=127.0.0.1:8080

Dev App Server is now running.

Nov 14, 2023 6:43:57 AM io.gapi.emulators.netty.HttpVersionRoutingHandler channelRead
INFO: Detected HTTP/2 connection.
Multiple projectIds are not recommended in single project mode. Requested project ID compendium-tester, but the emulator is configured for dev-complexity-compendium. To opt-out of single project mode add/set the '"singleProjectMode": false' property in the firebase.json emulators config.
Nov 14, 2023 6:43:58 AM io.gapi.emulators.netty.HttpVersionRoutingHandler channelRead
INFO: Detected HTTP/2 connection.
Multiple projectIds are not recommended in single project mode. Requested project ID compendium-tester, but the emulator is configured for dev-complexity-compendium. To opt-out of single project mode add/set the '"singleProjectMode": false' property in the firebase.json emulators config.
Multiple projectIds are not recommended in single project mode. Requested project ID compendium-tester, but the emulator is configured for dev-complexity-compendium. To opt-out of single project mode add/set the '"singleProjectMode": false' property in the firebase.json emulators config.
Multiple projectIds are not recommended in single project mode. Requested project ID compendium-tester, but the emulator is configured for dev-complexity-compendium. To opt-out of single project mode add/set the '"singleProjectMode": false' property in the firebase.json emulators config.
Multiple projectIds are not recommended in single project mode. Requested project ID compendium-tester, but the emulator is configured for dev-complexity-compendium. To opt-out of single project mode add/set the '"singleProjectMode": false' property in the firebase.json emulators config.
Multiple projectIds are not recommended in single project mode. Requested project ID compendium-tester, but the emulator is configured for dev-complexity-compendium. To opt-out of single project mode add/set the '"singleProjectMode": false' property in the firebase.json emulators config.
Multiple projectIds are not recommended in single project mode. Requested project ID compendium-tester, but the emulator is configured for dev-complexity-compendium. To opt-out of single project mode add/set the '"singleProjectMode": false' property in the firebase.json emulators config.
Multiple projectIds are not recommended in single project mode. Requested project ID compendium-tester, but the emulator is configured for dev-complexity-compendium. To opt-out of single project mode add/set the '"singleProjectMode": false' property in the firebase.json emulators config.
Multiple projectIds are not recommended in single project mode. Requested project ID compendium-tester, but the emulator is configured for dev-complexity-compendium. To opt-out of single project mode add/set the '"singleProjectMode": false' property in the firebase.json emulators config.
Multiple projectIds are not recommended in single project mode. Requested project ID compendium-tester, but the emulator is configured for dev-complexity-compendium. To opt-out of single project mode add/set the '"singleProjectMode": false' property in the firebase.json emulators config.
Multiple projectIds are not recommended in single project mode. Requested project ID compendium-tester, but the emulator is configured for dev-complexity-compendium. To opt-out of single project mode add/set the '"singleProjectMode": false' property in the firebase.json emulators config.
Multiple projectIds are not recommended in single project mode. Requested project ID compendium-tester, but the emulator is configured for dev-complexity-compendium. To opt-out of single project mode add/set the '"singleProjectMode": false' property in the firebase.json emulators config.
Multiple projectIds are not recommended in single project mode. Requested project ID compendium-tester, but the emulator is configured for dev-complexity-compendium. To opt-out of single project mode add/set the '"singleProjectMode": false' property in the firebase.json emulators config.
Multiple projectIds are not recommended in single project mode. Requested project ID compendium-tester, but the emulator is configured for dev-complexity-compendium. To opt-out of single project mode add/set the '"singleProjectMode": false' property in the firebase.json emulators config.
Multiple projectIds are not recommended in single project mode. Requested project ID compendium-tester, but the emulator is configured for dev-complexity-compendium. To opt-out of single project mode add/set the '"singleProjectMode": false' property in the firebase.json emulators config.
Multiple projectIds are not recommended in single project mode. Requested project ID compendium-tester, but the emulator is configured for dev-complexity-compendium. To opt-out of single project mode add/set the '"singleProjectMode": false' property in the firebase.json emulators config.
Multiple projectIds are not recommended in single project mode. Requested project ID compendium-tester, but the emulator is configured for dev-complexity-compendium. To opt-out of single project mode add/set the '"singleProjectMode": false' property in the firebase.json emulators config.
Multiple projectIds are not recommended in single project mode. Requested project ID compendium-tester, but the emulator is configured for dev-complexity-compendium. To opt-out of single project mode add/set the '"singleProjectMode": false' property in the firebase.json emulators config.
Multiple projectIds are not recommended in single project mode. Requested project ID compendium-tester, but the emulator is configured for dev-complexity-compendium. To opt-out of single project mode add/set the '"singleProjectMode": false' property in the firebase.json emulators config.
Multiple projectIds are not recommended in single project mode. Requested project ID compendium-tester, but the emulator is configured for dev-complexity-compendium. To opt-out of single project mode add/set the '"singleProjectMode": false' property in the firebase.json emulators config.
Multiple projectIds are not recommended in single project mode. Requested project ID compendium-tester, but the emulator is configured for dev-complexity-compendium. To opt-out of single project mode add/set the '"singleProjectMode": false' property in the firebase.json emulators config.
Multiple projectIds are not recommended in single project mode. Requested project ID compendium-tester, but the emulator is configured for dev-complexity-compendium. To opt-out of single project mode add/set the '"singleProjectMode": false' property in the firebase.json emulators config.
Multiple projectIds are not recommended in single project mode. Requested project ID compendium-tester, but the emulator is configured for dev-complexity-compendium. To opt-out of single project mode add/set the '"singleProjectMode": false' property in the firebase.json emulators config.
Multiple projectIds are not recommended in single project mode. Requested project ID compendium-tester, but the emulator is configured for dev-complexity-compendium. To opt-out of single project mode add/set the '"singleProjectMode": false' property in the firebase.json emulators config.
Multiple projectIds are not recommended in single project mode. Requested project ID compendium-tester, but the emulator is configured for dev-complexity-compendium. To opt-out of single project mode add/set the '"singleProjectMode": false' property in the firebase.json emulators config.
Multiple projectIds are not recommended in single project mode. Requested project ID compendium-tester, but the emulator is configured for dev-complexity-compendium. To opt-out of single project mode add/set the '"singleProjectMode": false' property in the firebase.json emulators config.
Multiple projectIds are not recommended in single project mode. Requested project ID compendium-tester, but the emulator is configured for dev-complexity-compendium. To opt-out of single project mode add/set the '"singleProjectMode": false' property in the firebase.json emulators config.
Multiple projectIds are not recommended in single project mode. Requested project ID compendium-tester, but the emulator is configured for dev-complexity-compendium. To opt-out of single project mode add/set the '"singleProjectMode": false' property in the firebase.json emulators config.
Multiple projectIds are not recommended in single project mode. Requested project ID compendium-tester, but the emulator is configured for dev-complexity-compendium. To opt-out of single project mode add/set the '"singleProjectMode": false' property in the firebase.json emulators config.
Multiple projectIds are not recommended in single project mode. Requested project ID compendium-tester, but the emulator is configured for dev-complexity-compendium. To opt-out of single project mode add/set the '"singleProjectMode": false' property in the firebase.json emulators config.
Multiple projectIds are not recommended in single project mode. Requested project ID compendium-tester, but the emulator is configured for dev-complexity-compendium. To opt-out of single project mode add/set the '"singleProjectMode": false' property in the firebase.json emulators config.
Multiple projectIds are not recommended in single project mode. Requested project ID compendium-tester, but the emulator is configured for dev-complexity-compendium. To opt-out of single project mode add/set the '"singleProjectMode": false' property in the firebase.json emulators config.
Multiple projectIds are not recommended in single project mode. Requested project ID compendium-tester, but the emulator is configured for dev-complexity-compendium. To opt-out of single project mode add/set the '"singleProjectMode": false' property in the firebase.json emulators config.
Multiple projectIds are not recommended in single project mode. Requested project ID compendium-tester, but the emulator is configured for dev-complexity-compendium. To opt-out of single project mode add/set the '"singleProjectMode": false' property in the firebase.json emulators config.
Multiple projectIds are not recommended in single project mode. Requested project ID compendium-tester, but the emulator is configured for dev-complexity-compendium. To opt-out of single project mode add/set the '"singleProjectMode": false' property in the firebase.json emulators config.
Nov 14, 2023 6:43:59 AM com.google.firebase.rules.runtime.impl.CompositeListener lambda$tryInvoke$10
WARNING: [CONTEXT ratelimit_period="1 MINUTES" ]
java.lang.ArrayIndexOutOfBoundsException: Index 0 out of bounds for length 0
	at com.google.common.collect.RegularImmutableList.get(RegularImmutableList.java:78)
	at com.google.cloud.datastore.emulator.firestore.websocket.EmulatorRequest.permissionTracesAsJsonArray(EmulatorRequest.java:114)
	at com.google.cloud.datastore.emulator.firestore.websocket.EmulatorRequest.toJSON(EmulatorRequest.java:70)
	at com.google.cloud.datastore.emulator.firestore.websocket.BufferingRequestListener.publish(BufferingRequestListener.java:104)
	at com.google.cloud.datastore.emulator.firestore.websocket.BufferingRequestListener.afterRulesEvaluation(BufferingRequestListener.java:84)
	at com.google.cloud.datastore.emulator.impl.rules.EmulatorRuleClient$EmulatorRuleEvaluator$1.afterPermissionEvaluation(EmulatorRuleClient.java:109)
	at com.google.firebase.rules.runtime.impl.CompositeListener.lambda$afterPermissionEvaluation$6(CompositeListener.java:89)
	at com.google.firebase.rules.runtime.impl.CompositeListener.lambda$tryInvoke$10(CompositeListener.java:118)
	at com.google.common.collect.ImmutableList.forEach(ImmutableList.java:446)
	at com.google.firebase.rules.runtime.impl.CompositeListener.afterPermissionEvaluation(CompositeListener.java:88)
	at com.google.firebase.rules.runtime.impl.DefaultEvaluator$2.onFailure(DefaultEvaluator.java:171)
	at com.google.common.util.concurrent.Futures$CallbackListener.run(Futures.java:1293)
	at com.google.common.util.concurrent.DirectExecutor.execute(DirectExecutor.java:32)
	at com.google.common.util.concurrent.AbstractFuture.executeListener(AbstractFuture.java:1293)
	at com.google.common.util.concurrent.AbstractFuture.addListener(AbstractFuture.java:764)
	at com.google.common.util.concurrent.FluentFuture$TrustedFuture.addListener(FluentFuture.java:122)
	at com.google.common.util.concurrent.Futures.addCallback(Futures.java:1274)
	at com.google.firebase.rules.runtime.impl.DefaultEvaluator.evaluate(DefaultEvaluator.java:161)
	at com.google.cloud.datastore.emulator.impl.rules.EmulatorRuleClient$EmulatorRuleEvaluator.evaluate(EmulatorRuleClient.java:84)
	at com.google.cloud.datastore.core.auth.rules.AsyncTwoPhaseRulesAuthorizer.phaseOneEvaluate(AsyncTwoPhaseRulesAuthorizer.java:492)
	at com.google.cloud.datastore.core.auth.rules.AsyncTwoPhaseRulesAuthorizer.evaluateUpdateMutation(AsyncTwoPhaseRulesAuthorizer.java:404)
	at com.google.cloud.datastore.core.auth.rules.AsyncTwoPhaseRulesAuthorizer.evaluateUpsertMutation(AsyncTwoPhaseRulesAuthorizer.java:431)
	at com.google.cloud.datastore.core.auth.rules.AsyncTwoPhaseRulesAuthorizer.checkCommitPhaseOne(AsyncTwoPhaseRulesAuthorizer.java:357)
	at com.google.cloud.datastore.core.auth.rules.AsyncTwoPhaseRulesAuthorizer.checkCommit(AsyncTwoPhaseRulesAuthorizer.java:198)
	at com.google.cloud.datastore.emulator.impl.rules.EmulatorRulesAuthorizer.lambda$checkCommit$0(EmulatorRulesAuthorizer.java:133)
	at com.google.cloud.datastore.emulator.impl.rules.EmulatorRulesAuthorizer.withVerboseErrors(EmulatorRulesAuthorizer.java:293)
	at com.google.cloud.datastore.emulator.impl.rules.EmulatorRulesAuthorizer.checkCommit(EmulatorRulesAuthorizer.java:130)
	at com.google.cloud.datastore.emulator.impl.firestore.CloudFirestoreV1.commitHelper(CloudFirestoreV1.java:1045)
	at com.google.cloud.datastore.emulator.impl.firestore.CloudFirestoreV1.internalCommit(CloudFirestoreV1.java:955)
	at com.google.cloud.datastore.emulator.impl.firestore.CloudFirestoreV1.internalCommit(CloudFirestoreV1.java:942)
	at com.google.cloud.datastore.emulator.impl.firestore.CloudFirestoreV1.write(CloudFirestoreV1.java:930)
	at com.google.cloud.datastore.emulator.impl.firestore.CloudFirestoreV1WriteStream.handleRequest(CloudFirestoreV1WriteStream.java:210)
	at com.google.cloud.datastore.emulator.impl.firestore.CloudFirestoreV1WriteStream.write(CloudFirestoreV1WriteStream.java:138)
	at com.google.cloud.datastore.emulator.impl.firestore.CloudFirestoreV1WriteStream.onNext(CloudFirestoreV1WriteStream.java:93)
	at com.google.cloud.datastore.emulator.impl.firestore.CloudFirestoreV1WriteStream.onNext(CloudFirestoreV1WriteStream.java:26)
	at io.grpc.stub.ServerCalls$StreamingServerCallHandler$StreamingServerCallListener.onMessage(ServerCalls.java:262)
	at io.grpc.ForwardingServerCallListener.onMessage(ForwardingServerCallListener.java:33)
	at io.grpc.Contexts$ContextualizedServerCallListener.onMessage(Contexts.java:76)
	at io.grpc.ForwardingServerCallListener.onMessage(ForwardingServerCallListener.java:33)
	at io.grpc.Contexts$ContextualizedServerCallListener.onMessage(Contexts.java:76)
	at io.grpc.internal.ServerCallImpl$ServerStreamListenerImpl.messagesAvailableInternal(ServerCallImpl.java:324)
	at io.grpc.internal.ServerCallImpl$ServerStreamListenerImpl.messagesAvailable(ServerCallImpl.java:309)
	at io.grpc.internal.ServerImpl$JumpToApplicationThreadServerStreamListener$1MessagesAvailable.runInContext(ServerImpl.java:833)
	at io.grpc.internal.ContextRunnable.run(ContextRunnable.java:37)
	at io.grpc.internal.SerializingExecutor.run(SerializingExecutor.java:133)
	at java.base/java.util.concurrent.ThreadPoolExecutor.runWorker(ThreadPoolExecutor.java:1136)
	at java.base/java.util.concurrent.ThreadPoolExecutor$Worker.run(ThreadPoolExecutor.java:635)
	at java.base/java.lang.Thread.run(Thread.java:833)

Multiple projectIds are not recommended in single project mode. Requested project ID compendium-tester, but the emulator is configured for dev-complexity-compendium. To opt-out of single project mode add/set the '"singleProjectMode": false' property in the firebase.json emulators config.
Multiple projectIds are not recommended in single project mode. Requested project ID compendium-tester, but the emulator is configured for dev-complexity-compendium. To opt-out of single project mode add/set the '"singleProjectMode": false' property in the firebase.json emulators config.
Multiple projectIds are not recommended in single project mode. Requested project ID compendium-tester, but the emulator is configured for dev-complexity-compendium. To opt-out of single project mode add/set the '"singleProjectMode": false' property in the firebase.json emulators config.
Multiple projectIds are not recommended in single project mode. Requested project ID compendium-tester, but the emulator is configured for dev-complexity-compendium. To opt-out of single project mode add/set the '"singleProjectMode": false' property in the firebase.json emulators config.
Multiple projectIds are not recommended in single project mode. Requested project ID compendium-tester, but the emulator is configured for dev-complexity-compendium. To opt-out of single project mode add/set the '"singleProjectMode": false' property in the firebase.json emulators config.
Multiple projectIds are not recommended in single project mode. Requested project ID compendium-tester, but the emulator is configured for dev-complexity-compendium. To opt-out of single project mode add/set the '"singleProjectMode": false' property in the firebase.json emulators config.
Multiple projectIds are not recommended in single project mode. Requested project ID compendium-tester, but the emulator is configured for dev-complexity-compendium. To opt-out of single project mode add/set the '"singleProjectMode": false' property in the firebase.json emulators config.
Multiple projectIds are not recommended in single project mode. Requested project ID compendium-tester, but the emulator is configured for dev-complexity-compendium. To opt-out of single project mode add/set the '"singleProjectMode": false' property in the firebase.json emulators config.
Multiple projectIds are not recommended in single project mode. Requested project ID compendium-tester, but the emulator is configured for dev-complexity-compendium. To opt-out of single project mode add/set the '"singleProjectMode": false' property in the firebase.json emulators config.
Multiple projectIds are not recommended in single project mode. Requested project ID compendium-tester, but the emulator is configured for dev-complexity-compendium. To opt-out of single project mode add/set the '"singleProjectMode": false' property in the firebase.json emulators config.
Nov 14, 2023 6:43:59 AM com.google.cloud.datastore.emulator.impl.util.WrappedStreamObserver onError
WARNING: Operation failed: 
false for 'create' @ L258, Unable to evaluate the expression as the maximum of 1000 expressions to evaluate has been reached. for 'update' @ L259, false for 'create' @ L258
com.google.cloud.datastore.core.exception.DatastoreException: 
false for 'create' @ L258, Unable to evaluate the expression as the maximum of 1000 expressions to evaluate has been reached. for 'update' @ L259, false for 'create' @ L258
	at com.google.cloud.datastore.core.exception.DatastoreException$Builder.build(DatastoreException.java:120)
	at com.google.cloud.datastore.emulator.impl.rules.EmulatorRulesAuthorizer.verboseError(EmulatorRulesAuthorizer.java:321)
	at com.google.cloud.datastore.emulator.impl.rules.EmulatorRulesAuthorizer.withVerboseErrors(EmulatorRulesAuthorizer.java:298)
	at com.google.cloud.datastore.emulator.impl.rules.EmulatorRulesAuthorizer.checkCommit(EmulatorRulesAuthorizer.java:130)
	at com.google.cloud.datastore.emulator.impl.firestore.CloudFirestoreV1.commitHelper(CloudFirestoreV1.java:1045)
	at com.google.cloud.datastore.emulator.impl.firestore.CloudFirestoreV1.internalCommit(CloudFirestoreV1.java:955)
	at com.google.cloud.datastore.emulator.impl.firestore.CloudFirestoreV1.internalCommit(CloudFirestoreV1.java:942)
	at com.google.cloud.datastore.emulator.impl.firestore.CloudFirestoreV1.write(CloudFirestoreV1.java:930)
	at com.google.cloud.datastore.emulator.impl.firestore.CloudFirestoreV1WriteStream.handleRequest(CloudFirestoreV1WriteStream.java:210)
	at com.google.cloud.datastore.emulator.impl.firestore.CloudFirestoreV1WriteStream.write(CloudFirestoreV1WriteStream.java:138)
	at com.google.cloud.datastore.emulator.impl.firestore.CloudFirestoreV1WriteStream.onNext(CloudFirestoreV1WriteStream.java:93)
	at com.google.cloud.datastore.emulator.impl.firestore.CloudFirestoreV1WriteStream.onNext(CloudFirestoreV1WriteStream.java:26)
	at io.grpc.stub.ServerCalls$StreamingServerCallHandler$StreamingServerCallListener.onMessage(ServerCalls.java:262)
	at io.grpc.ForwardingServerCallListener.onMessage(ForwardingServerCallListener.java:33)
	at io.grpc.Contexts$ContextualizedServerCallListener.onMessage(Contexts.java:76)
	at io.grpc.ForwardingServerCallListener.onMessage(ForwardingServerCallListener.java:33)
	at io.grpc.Contexts$ContextualizedServerCallListener.onMessage(Contexts.java:76)
	at io.grpc.internal.ServerCallImpl$ServerStreamListenerImpl.messagesAvailableInternal(ServerCallImpl.java:324)
	at io.grpc.internal.ServerCallImpl$ServerStreamListenerImpl.messagesAvailable(ServerCallImpl.java:309)
	at io.grpc.internal.ServerImpl$JumpToApplicationThreadServerStreamListener$1MessagesAvailable.runInContext(ServerImpl.java:833)
	at io.grpc.internal.ContextRunnable.run(ContextRunnable.java:37)
	at io.grpc.internal.SerializingExecutor.run(SerializingExecutor.java:133)
	at java.base/java.util.concurrent.ThreadPoolExecutor.runWorker(ThreadPoolExecutor.java:1136)
	at java.base/java.util.concurrent.ThreadPoolExecutor$Worker.run(ThreadPoolExecutor.java:635)
	at java.base/java.lang.Thread.run(Thread.java:833)

Multiple projectIds are not recommended in single project mode. Requested project ID compendium-tester, but the emulator is configured for dev-complexity-compendium. To opt-out of single project mode add/set the '"singleProjectMode": false' property in the firebase.json emulators config.
Multiple projectIds are not recommended in single project mode. Requested project ID compendium-tester, but the emulator is configured for dev-complexity-compendium. To opt-out of single project mode add/set the '"singleProjectMode": false' property in the firebase.json emulators config.
Multiple projectIds are not recommended in single project mode. Requested project ID compendium-tester, but the emulator is configured for dev-complexity-compendium. To opt-out of single project mode add/set the '"singleProjectMode": false' property in the firebase.json emulators config.
Nov 14, 2023 6:43:59 AM com.google.cloud.datastore.emulator.impl.util.WrappedStreamObserver onError
WARNING: Operation failed: 
evaluation error at L258:24 for 'create' @ L258, Unable to evaluate the expression as the maximum of 1000 expressions to evaluate has been reached. for 'update' @ L259, false for 'create' @ L258
com.google.cloud.datastore.core.exception.DatastoreException: 
evaluation error at L258:24 for 'create' @ L258, Unable to evaluate the expression as the maximum of 1000 expressions to evaluate has been reached. for 'update' @ L259, false for 'create' @ L258
	at com.google.cloud.datastore.core.exception.DatastoreException$Builder.build(DatastoreException.java:120)
	at com.google.cloud.datastore.emulator.impl.rules.EmulatorRulesAuthorizer.verboseError(EmulatorRulesAuthorizer.java:321)
	at com.google.cloud.datastore.emulator.impl.rules.EmulatorRulesAuthorizer.withVerboseErrors(EmulatorRulesAuthorizer.java:298)
	at com.google.cloud.datastore.emulator.impl.rules.EmulatorRulesAuthorizer.checkCommit(EmulatorRulesAuthorizer.java:130)
	at com.google.cloud.datastore.emulator.impl.firestore.CloudFirestoreV1.commitHelper(CloudFirestoreV1.java:1045)
	at com.google.cloud.datastore.emulator.impl.firestore.CloudFirestoreV1.internalCommit(CloudFirestoreV1.java:955)
	at com.google.cloud.datastore.emulator.impl.firestore.CloudFirestoreV1.internalCommit(CloudFirestoreV1.java:942)
	at com.google.cloud.datastore.emulator.impl.firestore.CloudFirestoreV1.write(CloudFirestoreV1.java:930)
	at com.google.cloud.datastore.emulator.impl.firestore.CloudFirestoreV1WriteStream.handleRequest(CloudFirestoreV1WriteStream.java:210)
	at com.google.cloud.datastore.emulator.impl.firestore.CloudFirestoreV1WriteStream.write(CloudFirestoreV1WriteStream.java:138)
	at com.google.cloud.datastore.emulator.impl.firestore.CloudFirestoreV1WriteStream.onNext(CloudFirestoreV1WriteStream.java:93)
	at com.google.cloud.datastore.emulator.impl.firestore.CloudFirestoreV1WriteStream.onNext(CloudFirestoreV1WriteStream.java:26)
	at io.grpc.stub.ServerCalls$StreamingServerCallHandler$StreamingServerCallListener.onMessage(ServerCalls.java:262)
	at io.grpc.ForwardingServerCallListener.onMessage(ForwardingServerCallListener.java:33)
	at io.grpc.Contexts$ContextualizedServerCallListener.onMessage(Contexts.java:76)
	at io.grpc.ForwardingServerCallListener.onMessage(ForwardingServerCallListener.java:33)
	at io.grpc.Contexts$ContextualizedServerCallListener.onMessage(Contexts.java:76)
	at io.grpc.internal.ServerCallImpl$ServerStreamListenerImpl.messagesAvailableInternal(ServerCallImpl.java:324)
	at io.grpc.internal.ServerCallImpl$ServerStreamListenerImpl.messagesAvailable(ServerCallImpl.java:309)
	at io.grpc.internal.ServerImpl$JumpToApplicationThreadServerStreamListener$1MessagesAvailable.runInContext(ServerImpl.java:833)
	at io.grpc.internal.ContextRunnable.run(ContextRunnable.java:37)
	at io.grpc.internal.SerializingExecutor.run(SerializingExecutor.java:133)
	at java.base/java.util.concurrent.ThreadPoolExecutor.runWorker(ThreadPoolExecutor.java:1136)
	at java.base/java.util.concurrent.ThreadPoolExecutor$Worker.run(ThreadPoolExecutor.java:635)
	at java.base/java.lang.Thread.run(Thread.java:833)

Multiple projectIds are not recommended in single project mode. Requested project ID compendium-tester, but the emulator is configured for dev-complexity-compendium. To opt-out of single project mode add/set the '"singleProjectMode": false' property in the firebase.json emulators config.
Multiple projectIds are not recommended in single project mode. Requested project ID compendium-tester, but the emulator is configured for dev-complexity-compendium. To opt-out of single project mode add/set the '"singleProjectMode": false' property in the firebase.json emulators config.
Multiple projectIds are not recommended in single project mode. Requested project ID compendium-tester, but the emulator is configured for dev-complexity-compendium. To opt-out of single project mode add/set the '"singleProjectMode": false' property in the firebase.json emulators config.
Nov 14, 2023 6:43:59 AM com.google.cloud.datastore.emulator.impl.util.WrappedStreamObserver onError
WARNING: Operation failed: 
false for 'create' @ L258, evaluation error at L259:24 for 'update' @ L259, Null value error. for 'update' @ L259
com.google.cloud.datastore.core.exception.DatastoreException: 
false for 'create' @ L258, evaluation error at L259:24 for 'update' @ L259, Null value error. for 'update' @ L259
	at com.google.cloud.datastore.core.exception.DatastoreException$Builder.build(DatastoreException.java:120)
	at com.google.cloud.datastore.emulator.impl.rules.EmulatorRulesAuthorizer.verboseError(EmulatorRulesAuthorizer.java:321)
	at com.google.cloud.datastore.emulator.impl.rules.EmulatorRulesAuthorizer.withVerboseErrors(EmulatorRulesAuthorizer.java:298)
	at com.google.cloud.datastore.emulator.impl.rules.EmulatorRulesAuthorizer.checkCommit(EmulatorRulesAuthorizer.java:130)
	at com.google.cloud.datastore.emulator.impl.firestore.CloudFirestoreV1.commitHelper(CloudFirestoreV1.java:1045)
	at com.google.cloud.datastore.emulator.impl.firestore.CloudFirestoreV1.internalCommit(CloudFirestoreV1.java:955)
	at com.google.cloud.datastore.emulator.impl.firestore.CloudFirestoreV1.internalCommit(CloudFirestoreV1.java:942)
	at com.google.cloud.datastore.emulator.impl.firestore.CloudFirestoreV1.write(CloudFirestoreV1.java:930)
	at com.google.cloud.datastore.emulator.impl.firestore.CloudFirestoreV1WriteStream.handleRequest(CloudFirestoreV1WriteStream.java:210)
	at com.google.cloud.datastore.emulator.impl.firestore.CloudFirestoreV1WriteStream.write(CloudFirestoreV1WriteStream.java:138)
	at com.google.cloud.datastore.emulator.impl.firestore.CloudFirestoreV1WriteStream.onNext(CloudFirestoreV1WriteStream.java:93)
	at com.google.cloud.datastore.emulator.impl.firestore.CloudFirestoreV1WriteStream.onNext(CloudFirestoreV1WriteStream.java:26)
	at io.grpc.stub.ServerCalls$StreamingServerCallHandler$StreamingServerCallListener.onMessage(ServerCalls.java:262)
	at io.grpc.ForwardingServerCallListener.onMessage(ForwardingServerCallListener.java:33)
	at io.grpc.Contexts$ContextualizedServerCallListener.onMessage(Contexts.java:76)
	at io.grpc.ForwardingServerCallListener.onMessage(ForwardingServerCallListener.java:33)
	at io.grpc.Contexts$ContextualizedServerCallListener.onMessage(Contexts.java:76)
	at io.grpc.internal.ServerCallImpl$ServerStreamListenerImpl.messagesAvailableInternal(ServerCallImpl.java:324)
	at io.grpc.internal.ServerCallImpl$ServerStreamListenerImpl.messagesAvailable(ServerCallImpl.java:309)
	at io.grpc.internal.ServerImpl$JumpToApplicationThreadServerStreamListener$1MessagesAvailable.runInContext(ServerImpl.java:833)
	at io.grpc.internal.ContextRunnable.run(ContextRunnable.java:37)
	at io.grpc.internal.SerializingExecutor.run(SerializingExecutor.java:133)
	at java.base/java.util.concurrent.ThreadPoolExecutor.runWorker(ThreadPoolExecutor.java:1136)
	at java.base/java.util.concurrent.ThreadPoolExecutor$Worker.run(ThreadPoolExecutor.java:635)
	at java.base/java.lang.Thread.run(Thread.java:833)
Caused by: com.google.firebase.rules.runtime.common.EvaluationException: Error:  line [85], column [17]. Null value error.
	at com.google.firebase.rules.runtime.impl.DefaultEvaluator$TransformEvaluationException.apply(DefaultEvaluator.java:275)
	at com.google.firebase.rules.runtime.impl.DefaultEvaluator$TransformEvaluationException.apply(DefaultEvaluator.java:261)
	at com.google.common.util.concurrent.AbstractCatchingFuture$AsyncCatchingFuture.doFallback(AbstractCatchingFuture.java:206)
	at com.google.common.util.concurrent.AbstractCatchingFuture$AsyncCatchingFuture.doFallback(AbstractCatchingFuture.java:193)
	at com.google.common.util.concurrent.AbstractCatchingFuture.run(AbstractCatchingFuture.java:135)
	at com.google.common.util.concurrent.DirectExecutor.execute(DirectExecutor.java:32)
	at com.google.common.util.concurrent.AbstractFuture.executeListener(AbstractFuture.java:1293)
	at com.google.common.util.concurrent.AbstractFuture.addListener(AbstractFuture.java:764)
	at com.google.common.util.concurrent.FluentFuture$TrustedFuture.addListener(FluentFuture.java:122)
	at com.google.common.util.concurrent.AbstractCatchingFuture.create(AbstractCatchingFuture.java:58)
	at com.google.common.util.concurrent.Futures.catchingAsync(Futures.java:411)
	at com.google.firebase.rules.runtime.impl.DefaultEvaluator.evaluate(DefaultEvaluator.java:177)
	at com.google.cloud.datastore.emulator.impl.rules.EmulatorRuleClient$EmulatorRuleEvaluator.evaluate(EmulatorRuleClient.java:84)
	at com.google.cloud.datastore.core.auth.rules.AsyncTwoPhaseRulesAuthorizer.lambda$fullEvaluate$9(AsyncTwoPhaseRulesAuthorizer.java:944)
	at com.google.cloud.datastore.computation.Computation.tryCatch(Computation.java:373)
	at com.google.cloud.datastore.core.auth.rules.AsyncTwoPhaseRulesAuthorizer.fullEvaluate(AsyncTwoPhaseRulesAuthorizer.java:943)
	at com.google.cloud.datastore.core.auth.rules.AsyncTwoPhaseRulesAuthorizer$CommitAuthorizerImpl.lambda$checkWrite$1(AsyncTwoPhaseRulesAuthorizer.java:1176)
	at com.google.cloud.datastore.computation.Computation.lambda$tryClose$26(Computation.java:642)
	at com.google.cloud.datastore.computation.Computation.tryCatch(Computation.java:373)
	at com.google.cloud.datastore.computation.Computation.tryFinally(Computation.java:609)
	at com.google.cloud.datastore.computation.Computation.tryFinally(Computation.java:615)
	at com.google.cloud.datastore.computation.Computation.tryClose(Computation.java:642)
	at com.google.cloud.datastore.core.auth.rules.AsyncTwoPhaseRulesAuthorizer$CommitAuthorizerImpl.checkWrite(AsyncTwoPhaseRulesAuthorizer.java:1145)
	at com.google.cloud.datastore.emulator.impl.rules.EmulatorRulesAuthorizer.lambda$checkCommit$0(EmulatorRulesAuthorizer.java:140)
	at com.google.cloud.datastore.emulator.impl.rules.EmulatorRulesAuthorizer.withVerboseErrors(EmulatorRulesAuthorizer.java:293)
	... 22 more

Multiple projectIds are not recommended in single project mode. Requested project ID compendium-tester, but the emulator is configured for dev-complexity-compendium. To opt-out of single project mode add/set the '"singleProjectMode": false' property in the firebase.json emulators config.
Multiple projectIds are not recommended in single project mode. Requested project ID compendium-tester, but the emulator is configured for dev-complexity-compendium. To opt-out of single project mode add/set the '"singleProjectMode": false' property in the firebase.json emulators config.
Multiple projectIds are not recommended in single project mode. Requested project ID compendium-tester, but the emulator is configured for dev-complexity-compendium. To opt-out of single project mode add/set the '"singleProjectMode": false' property in the firebase.json emulators config.
Multiple projectIds are not recommended in single project mode. Requested project ID compendium-tester, but the emulator is configured for dev-complexity-compendium. To opt-out of single project mode add/set the '"singleProjectMode": false' property in the firebase.json emulators config.
Multiple projectIds are not recommended in single project mode. Requested project ID compendium-tester, but the emulator is configured for dev-complexity-compendium. To opt-out of single project mode add/set the '"singleProjectMode": false' property in the firebase.json emulators config.
Multiple projectIds are not recommended in single project mode. Requested project ID compendium-tester, but the emulator is configured for dev-complexity-compendium. To opt-out of single project mode add/set the '"singleProjectMode": false' property in the firebase.json emulators config.
Nov 14, 2023 6:43:59 AM com.google.cloud.datastore.emulator.impl.util.WrappedStreamObserver onError
WARNING: Operation failed: 
Unable to evaluate the expression as the maximum of 1000 expressions to evaluate has been reached. for 'update' @ L259, false for 'update' @ L259
com.google.cloud.datastore.core.exception.DatastoreException: 
Unable to evaluate the expression as the maximum of 1000 expressions to evaluate has been reached. for 'update' @ L259, false for 'update' @ L259
	at com.google.cloud.datastore.core.exception.DatastoreException$Builder.build(DatastoreException.java:120)
	at com.google.cloud.datastore.emulator.impl.rules.EmulatorRulesAuthorizer.verboseError(EmulatorRulesAuthorizer.java:321)
	at com.google.cloud.datastore.emulator.impl.rules.EmulatorRulesAuthorizer.withVerboseErrors(EmulatorRulesAuthorizer.java:298)
	at com.google.cloud.datastore.emulator.impl.rules.EmulatorRulesAuthorizer.checkCommit(EmulatorRulesAuthorizer.java:130)
	at com.google.cloud.datastore.emulator.impl.firestore.CloudFirestoreV1.commitHelper(CloudFirestoreV1.java:1045)
	at com.google.cloud.datastore.emulator.impl.firestore.CloudFirestoreV1.internalCommit(CloudFirestoreV1.java:955)
	at com.google.cloud.datastore.emulator.impl.firestore.CloudFirestoreV1.internalCommit(CloudFirestoreV1.java:942)
	at com.google.cloud.datastore.emulator.impl.firestore.CloudFirestoreV1.write(CloudFirestoreV1.java:930)
	at com.google.cloud.datastore.emulator.impl.firestore.CloudFirestoreV1WriteStream.handleRequest(CloudFirestoreV1WriteStream.java:210)
	at com.google.cloud.datastore.emulator.impl.firestore.CloudFirestoreV1WriteStream.write(CloudFirestoreV1WriteStream.java:138)
	at com.google.cloud.datastore.emulator.impl.firestore.CloudFirestoreV1WriteStream.onNext(CloudFirestoreV1WriteStream.java:93)
	at com.google.cloud.datastore.emulator.impl.firestore.CloudFirestoreV1WriteStream.onNext(CloudFirestoreV1WriteStream.java:26)
	at io.grpc.stub.ServerCalls$StreamingServerCallHandler$StreamingServerCallListener.onMessage(ServerCalls.java:262)
	at io.grpc.ForwardingServerCallListener.onMessage(ForwardingServerCallListener.java:33)
	at io.grpc.Contexts$ContextualizedServerCallListener.onMessage(Contexts.java:76)
	at io.grpc.ForwardingServerCallListener.onMessage(ForwardingServerCallListener.java:33)
	at io.grpc.Contexts$ContextualizedServerCallListener.onMessage(Contexts.java:76)
	at io.grpc.internal.ServerCallImpl$ServerStreamListenerImpl.messagesAvailableInternal(ServerCallImpl.java:324)
	at io.grpc.internal.ServerCallImpl$ServerStreamListenerImpl.messagesAvailable(ServerCallImpl.java:309)
	at io.grpc.internal.ServerImpl$JumpToApplicationThreadServerStreamListener$1MessagesAvailable.runInContext(ServerImpl.java:833)
	at io.grpc.internal.ContextRunnable.run(ContextRunnable.java:37)
	at io.grpc.internal.SerializingExecutor.run(SerializingExecutor.java:133)
	at java.base/java.util.concurrent.ThreadPoolExecutor.runWorker(ThreadPoolExecutor.java:1136)
	at java.base/java.util.concurrent.ThreadPoolExecutor$Worker.run(ThreadPoolExecutor.java:635)
	at java.base/java.lang.Thread.run(Thread.java:833)

Multiple projectIds are not recommended in single project mode. Requested project ID compendium-tester, but the emulator is configured for dev-complexity-compendium. To opt-out of single project mode add/set the '"singleProjectMode": false' property in the firebase.json emulators config.
Multiple projectIds are not recommended in single project mode. Requested project ID compendium-tester, but the emulator is configured for dev-complexity-compendium. To opt-out of single project mode add/set the '"singleProjectMode": false' property in the firebase.json emulators config.
Multiple projectIds are not recommended in single project mode. Requested project ID compendium-tester, but the emulator is configured for dev-complexity-compendium. To opt-out of single project mode add/set the '"singleProjectMode": false' property in the firebase.json emulators config.
Nov 14, 2023 6:43:59 AM com.google.cloud.datastore.emulator.impl.util.WrappedStreamObserver onError
WARNING: Operation failed: 
Unable to evaluate the expression as the maximum of 1000 expressions to evaluate has been reached. for 'update' @ L259, false for 'update' @ L259
com.google.cloud.datastore.core.exception.DatastoreException: 
Unable to evaluate the expression as the maximum of 1000 expressions to evaluate has been reached. for 'update' @ L259, false for 'update' @ L259
	at com.google.cloud.datastore.core.exception.DatastoreException$Builder.build(DatastoreException.java:120)
	at com.google.cloud.datastore.emulator.impl.rules.EmulatorRulesAuthorizer.verboseError(EmulatorRulesAuthorizer.java:321)
	at com.google.cloud.datastore.emulator.impl.rules.EmulatorRulesAuthorizer.withVerboseErrors(EmulatorRulesAuthorizer.java:298)
	at com.google.cloud.datastore.emulator.impl.rules.EmulatorRulesAuthorizer.checkCommit(EmulatorRulesAuthorizer.java:130)
	at com.google.cloud.datastore.emulator.impl.firestore.CloudFirestoreV1.commitHelper(CloudFirestoreV1.java:1045)
	at com.google.cloud.datastore.emulator.impl.firestore.CloudFirestoreV1.internalCommit(CloudFirestoreV1.java:955)
	at com.google.cloud.datastore.emulator.impl.firestore.CloudFirestoreV1.internalCommit(CloudFirestoreV1.java:942)
	at com.google.cloud.datastore.emulator.impl.firestore.CloudFirestoreV1.write(CloudFirestoreV1.java:930)
	at com.google.cloud.datastore.emulator.impl.firestore.CloudFirestoreV1WriteStream.handleRequest(CloudFirestoreV1WriteStream.java:210)
	at com.google.cloud.datastore.emulator.impl.firestore.CloudFirestoreV1WriteStream.write(CloudFirestoreV1WriteStream.java:138)
	at com.google.cloud.datastore.emulator.impl.firestore.CloudFirestoreV1WriteStream.onNext(CloudFirestoreV1WriteStream.java:93)
	at com.google.cloud.datastore.emulator.impl.firestore.CloudFirestoreV1WriteStream.onNext(CloudFirestoreV1WriteStream.java:26)
	at io.grpc.stub.ServerCalls$StreamingServerCallHandler$StreamingServerCallListener.onMessage(ServerCalls.java:262)
	at io.grpc.ForwardingServerCallListener.onMessage(ForwardingServerCallListener.java:33)
	at io.grpc.Contexts$ContextualizedServerCallListener.onMessage(Contexts.java:76)
	at io.grpc.ForwardingServerCallListener.onMessage(ForwardingServerCallListener.java:33)
	at io.grpc.Contexts$ContextualizedServerCallListener.onMessage(Contexts.java:76)
	at io.grpc.internal.ServerCallImpl$ServerStreamListenerImpl.messagesAvailableInternal(ServerCallImpl.java:324)
	at io.grpc.internal.ServerCallImpl$ServerStreamListenerImpl.messagesAvailable(ServerCallImpl.java:309)
	at io.grpc.internal.ServerImpl$JumpToApplicationThreadServerStreamListener$1MessagesAvailable.runInContext(ServerImpl.java:833)
	at io.grpc.internal.ContextRunnable.run(ContextRunnable.java:37)
	at io.grpc.internal.SerializingExecutor.run(SerializingExecutor.java:133)
	at java.base/java.util.concurrent.ThreadPoolExecutor.runWorker(ThreadPoolExecutor.java:1136)
	at java.base/java.util.concurrent.ThreadPoolExecutor$Worker.run(ThreadPoolExecutor.java:635)
	at java.base/java.lang.Thread.run(Thread.java:833)

Multiple projectIds are not recommended in single project mode. Requested project ID compendium-tester, but the emulator is configured for dev-complexity-compendium. To opt-out of single project mode add/set the '"singleProjectMode": false' property in the firebase.json emulators config.
Multiple projectIds are not recommended in single project mode. Requested project ID compendium-tester, but the emulator is configured for dev-complexity-compendium. To opt-out of single project mode add/set the '"singleProjectMode": false' property in the firebase.json emulators config.
Multiple projectIds are not recommended in single project mode. Requested project ID compendium-tester, but the emulator is configured for dev-complexity-compendium. To opt-out of single project mode add/set the '"singleProjectMode": false' property in the firebase.json emulators config.
Nov 14, 2023 6:43:59 AM com.google.cloud.datastore.emulator.impl.util.WrappedStreamObserver onError
WARNING: Operation failed: 
Unable to evaluate the expression as the maximum of 1000 expressions to evaluate has been reached. for 'update' @ L259, false for 'update' @ L259
com.google.cloud.datastore.core.exception.DatastoreException: 
Unable to evaluate the expression as the maximum of 1000 expressions to evaluate has been reached. for 'update' @ L259, false for 'update' @ L259
	at com.google.cloud.datastore.core.exception.DatastoreException$Builder.build(DatastoreException.java:120)
	at com.google.cloud.datastore.emulator.impl.rules.EmulatorRulesAuthorizer.verboseError(EmulatorRulesAuthorizer.java:321)
	at com.google.cloud.datastore.emulator.impl.rules.EmulatorRulesAuthorizer.withVerboseErrors(EmulatorRulesAuthorizer.java:298)
	at com.google.cloud.datastore.emulator.impl.rules.EmulatorRulesAuthorizer.checkCommit(EmulatorRulesAuthorizer.java:130)
	at com.google.cloud.datastore.emulator.impl.firestore.CloudFirestoreV1.commitHelper(CloudFirestoreV1.java:1045)
	at com.google.cloud.datastore.emulator.impl.firestore.CloudFirestoreV1.internalCommit(CloudFirestoreV1.java:955)
	at com.google.cloud.datastore.emulator.impl.firestore.CloudFirestoreV1.internalCommit(CloudFirestoreV1.java:942)
	at com.google.cloud.datastore.emulator.impl.firestore.CloudFirestoreV1.write(CloudFirestoreV1.java:930)
	at com.google.cloud.datastore.emulator.impl.firestore.CloudFirestoreV1WriteStream.handleRequest(CloudFirestoreV1WriteStream.java:210)
	at com.google.cloud.datastore.emulator.impl.firestore.CloudFirestoreV1WriteStream.write(CloudFirestoreV1WriteStream.java:138)
	at com.google.cloud.datastore.emulator.impl.firestore.CloudFirestoreV1WriteStream.onNext(CloudFirestoreV1WriteStream.java:93)
	at com.google.cloud.datastore.emulator.impl.firestore.CloudFirestoreV1WriteStream.onNext(CloudFirestoreV1WriteStream.java:26)
	at io.grpc.stub.ServerCalls$StreamingServerCallHandler$StreamingServerCallListener.onMessage(ServerCalls.java:262)
	at io.grpc.ForwardingServerCallListener.onMessage(ForwardingServerCallListener.java:33)
	at io.grpc.Contexts$ContextualizedServerCallListener.onMessage(Contexts.java:76)
	at io.grpc.ForwardingServerCallListener.onMessage(ForwardingServerCallListener.java:33)
	at io.grpc.Contexts$ContextualizedServerCallListener.onMessage(Contexts.java:76)
	at io.grpc.internal.ServerCallImpl$ServerStreamListenerImpl.messagesAvailableInternal(ServerCallImpl.java:324)
	at io.grpc.internal.ServerCallImpl$ServerStreamListenerImpl.messagesAvailable(ServerCallImpl.java:309)
	at io.grpc.internal.ServerImpl$JumpToApplicationThreadServerStreamListener$1MessagesAvailable.runInContext(ServerImpl.java:833)
	at io.grpc.internal.ContextRunnable.run(ContextRunnable.java:37)
	at io.grpc.internal.SerializingExecutor.run(SerializingExecutor.java:133)
	at java.base/java.util.concurrent.ThreadPoolExecutor.runWorker(ThreadPoolExecutor.java:1136)
	at java.base/java.util.concurrent.ThreadPoolExecutor$Worker.run(ThreadPoolExecutor.java:635)
	at java.base/java.lang.Thread.run(Thread.java:833)

Multiple projectIds are not recommended in single project mode. Requested project ID compendium-tester, but the emulator is configured for dev-complexity-compendium. To opt-out of single project mode add/set the '"singleProjectMode": false' property in the firebase.json emulators config.
Multiple projectIds are not recommended in single project mode. Requested project ID compendium-tester, but the emulator is configured for dev-complexity-compendium. To opt-out of single project mode add/set the '"singleProjectMode": false' property in the firebase.json emulators config.
Multiple projectIds are not recommended in single project mode. Requested project ID compendium-tester, but the emulator is configured for dev-complexity-compendium. To opt-out of single project mode add/set the '"singleProjectMode": false' property in the firebase.json emulators config.
Nov 14, 2023 6:43:59 AM com.google.cloud.datastore.emulator.impl.util.WrappedStreamObserver onError
WARNING: Operation failed: 
Unable to evaluate the expression as the maximum of 1000 expressions to evaluate has been reached. for 'update' @ L259, false for 'update' @ L259
com.google.cloud.datastore.core.exception.DatastoreException: 
Unable to evaluate the expression as the maximum of 1000 expressions to evaluate has been reached. for 'update' @ L259, false for 'update' @ L259
	at com.google.cloud.datastore.core.exception.DatastoreException$Builder.build(DatastoreException.java:120)
	at com.google.cloud.datastore.emulator.impl.rules.EmulatorRulesAuthorizer.verboseError(EmulatorRulesAuthorizer.java:321)
	at com.google.cloud.datastore.emulator.impl.rules.EmulatorRulesAuthorizer.withVerboseErrors(EmulatorRulesAuthorizer.java:298)
	at com.google.cloud.datastore.emulator.impl.rules.EmulatorRulesAuthorizer.checkCommit(EmulatorRulesAuthorizer.java:130)
	at com.google.cloud.datastore.emulator.impl.firestore.CloudFirestoreV1.commitHelper(CloudFirestoreV1.java:1045)
	at com.google.cloud.datastore.emulator.impl.firestore.CloudFirestoreV1.internalCommit(CloudFirestoreV1.java:955)
	at com.google.cloud.datastore.emulator.impl.firestore.CloudFirestoreV1.internalCommit(CloudFirestoreV1.java:942)
	at com.google.cloud.datastore.emulator.impl.firestore.CloudFirestoreV1.write(CloudFirestoreV1.java:930)
	at com.google.cloud.datastore.emulator.impl.firestore.CloudFirestoreV1WriteStream.handleRequest(CloudFirestoreV1WriteStream.java:210)
	at com.google.cloud.datastore.emulator.impl.firestore.CloudFirestoreV1WriteStream.write(CloudFirestoreV1WriteStream.java:138)
	at com.google.cloud.datastore.emulator.impl.firestore.CloudFirestoreV1WriteStream.onNext(CloudFirestoreV1WriteStream.java:93)
	at com.google.cloud.datastore.emulator.impl.firestore.CloudFirestoreV1WriteStream.onNext(CloudFirestoreV1WriteStream.java:26)
	at io.grpc.stub.ServerCalls$StreamingServerCallHandler$StreamingServerCallListener.onMessage(ServerCalls.java:262)
	at io.grpc.ForwardingServerCallListener.onMessage(ForwardingServerCallListener.java:33)
	at io.grpc.Contexts$ContextualizedServerCallListener.onMessage(Contexts.java:76)
	at io.grpc.ForwardingServerCallListener.onMessage(ForwardingServerCallListener.java:33)
	at io.grpc.Contexts$ContextualizedServerCallListener.onMessage(Contexts.java:76)
	at io.grpc.internal.ServerCallImpl$ServerStreamListenerImpl.messagesAvailableInternal(ServerCallImpl.java:324)
	at io.grpc.internal.ServerCallImpl$ServerStreamListenerImpl.messagesAvailable(ServerCallImpl.java:309)
	at io.grpc.internal.ServerImpl$JumpToApplicationThreadServerStreamListener$1MessagesAvailable.runInContext(ServerImpl.java:833)
	at io.grpc.internal.ContextRunnable.run(ContextRunnable.java:37)
	at io.grpc.internal.SerializingExecutor.run(SerializingExecutor.java:133)
	at java.base/java.util.concurrent.ThreadPoolExecutor.runWorker(ThreadPoolExecutor.java:1136)
	at java.base/java.util.concurrent.ThreadPoolExecutor$Worker.run(ThreadPoolExecutor.java:635)
	at java.base/java.lang.Thread.run(Thread.java:833)

Multiple projectIds are not recommended in single project mode. Requested project ID compendium-tester, but the emulator is configured for dev-complexity-compendium. To opt-out of single project mode add/set the '"singleProjectMode": false' property in the firebase.json emulators config.
Multiple projectIds are not recommended in single project mode. Requested project ID compendium-tester, but the emulator is configured for dev-complexity-compendium. To opt-out of single project mode add/set the '"singleProjectMode": false' property in the firebase.json emulators config.
Multiple projectIds are not recommended in single project mode. Requested project ID compendium-tester, but the emulator is configured for dev-complexity-compendium. To opt-out of single project mode add/set the '"singleProjectMode": false' property in the firebase.json emulators config.
Multiple projectIds are not recommended in single project mode. Requested project ID compendium-tester, but the emulator is configured for dev-complexity-compendium. To opt-out of single project mode add/set the '"singleProjectMode": false' property in the firebase.json emulators config.
Multiple projectIds are not recommended in single project mode. Requested project ID compendium-tester, but the emulator is configured for dev-complexity-compendium. To opt-out of single project mode add/set the '"singleProjectMode": false' property in the firebase.json emulators config.
Multiple projectIds are not recommended in single project mode. Requested project ID compendium-tester, but the emulator is configured for dev-complexity-compendium. To opt-out of single project mode add/set the '"singleProjectMode": false' property in the firebase.json emulators config.
Nov 14, 2023 6:43:59 AM com.google.cloud.datastore.emulator.impl.util.WrappedStreamObserver onError
WARNING: Operation failed: 
Unable to evaluate the expression as the maximum of 1000 expressions to evaluate has been reached. for 'update' @ L259, false for 'update' @ L259
com.google.cloud.datastore.core.exception.DatastoreException: 
Unable to evaluate the expression as the maximum of 1000 expressions to evaluate has been reached. for 'update' @ L259, false for 'update' @ L259
	at com.google.cloud.datastore.core.exception.DatastoreException$Builder.build(DatastoreException.java:120)
	at com.google.cloud.datastore.emulator.impl.rules.EmulatorRulesAuthorizer.verboseError(EmulatorRulesAuthorizer.java:321)
	at com.google.cloud.datastore.emulator.impl.rules.EmulatorRulesAuthorizer.withVerboseErrors(EmulatorRulesAuthorizer.java:298)
	at com.google.cloud.datastore.emulator.impl.rules.EmulatorRulesAuthorizer.checkCommit(EmulatorRulesAuthorizer.java:130)
	at com.google.cloud.datastore.emulator.impl.firestore.CloudFirestoreV1.commitHelper(CloudFirestoreV1.java:1045)
	at com.google.cloud.datastore.emulator.impl.firestore.CloudFirestoreV1.internalCommit(CloudFirestoreV1.java:955)
	at com.google.cloud.datastore.emulator.impl.firestore.CloudFirestoreV1.internalCommit(CloudFirestoreV1.java:942)
	at com.google.cloud.datastore.emulator.impl.firestore.CloudFirestoreV1.write(CloudFirestoreV1.java:930)
	at com.google.cloud.datastore.emulator.impl.firestore.CloudFirestoreV1WriteStream.handleRequest(CloudFirestoreV1WriteStream.java:210)
	at com.google.cloud.datastore.emulator.impl.firestore.CloudFirestoreV1WriteStream.write(CloudFirestoreV1WriteStream.java:138)
	at com.google.cloud.datastore.emulator.impl.firestore.CloudFirestoreV1WriteStream.onNext(CloudFirestoreV1WriteStream.java:93)
	at com.google.cloud.datastore.emulator.impl.firestore.CloudFirestoreV1WriteStream.onNext(CloudFirestoreV1WriteStream.java:26)
	at io.grpc.stub.ServerCalls$StreamingServerCallHandler$StreamingServerCallListener.onMessage(ServerCalls.java:262)
	at io.grpc.ForwardingServerCallListener.onMessage(ForwardingServerCallListener.java:33)
	at io.grpc.Contexts$ContextualizedServerCallListener.onMessage(Contexts.java:76)
	at io.grpc.ForwardingServerCallListener.onMessage(ForwardingServerCallListener.java:33)
	at io.grpc.Contexts$ContextualizedServerCallListener.onMessage(Contexts.java:76)
	at io.grpc.internal.ServerCallImpl$ServerStreamListenerImpl.messagesAvailableInternal(ServerCallImpl.java:324)
	at io.grpc.internal.ServerCallImpl$ServerStreamListenerImpl.messagesAvailable(ServerCallImpl.java:309)
	at io.grpc.internal.ServerImpl$JumpToApplicationThreadServerStreamListener$1MessagesAvailable.runInContext(ServerImpl.java:833)
	at io.grpc.internal.ContextRunnable.run(ContextRunnable.java:37)
	at io.grpc.internal.SerializingExecutor.run(SerializingExecutor.java:133)
	at java.base/java.util.concurrent.ThreadPoolExecutor.runWorker(ThreadPoolExecutor.java:1136)
	at java.base/java.util.concurrent.ThreadPoolExecutor$Worker.run(ThreadPoolExecutor.java:635)
	at java.base/java.lang.Thread.run(Thread.java:833)

Multiple projectIds are not recommended in single project mode. Requested project ID compendium-tester, but the emulator is configured for dev-complexity-compendium. To opt-out of single project mode add/set the '"singleProjectMode": false' property in the firebase.json emulators config.
Multiple projectIds are not recommended in single project mode. Requested project ID compendium-tester, but the emulator is configured for dev-complexity-compendium. To opt-out of single project mode add/set the '"singleProjectMode": false' property in the firebase.json emulators config.
Multiple projectIds are not recommended in single project mode. Requested project ID compendium-tester, but the emulator is configured for dev-complexity-compendium. To opt-out of single project mode add/set the '"singleProjectMode": false' property in the firebase.json emulators config.
Nov 14, 2023 6:44:00 AM com.google.cloud.datastore.emulator.impl.util.WrappedStreamObserver onError
WARNING: Operation failed: 
Unable to evaluate the expression as the maximum of 1000 expressions to evaluate has been reached. for 'update' @ L259, false for 'update' @ L259
com.google.cloud.datastore.core.exception.DatastoreException: 
Unable to evaluate the expression as the maximum of 1000 expressions to evaluate has been reached. for 'update' @ L259, false for 'update' @ L259
	at com.google.cloud.datastore.core.exception.DatastoreException$Builder.build(DatastoreException.java:120)
	at com.google.cloud.datastore.emulator.impl.rules.EmulatorRulesAuthorizer.verboseError(EmulatorRulesAuthorizer.java:321)
	at com.google.cloud.datastore.emulator.impl.rules.EmulatorRulesAuthorizer.withVerboseErrors(EmulatorRulesAuthorizer.java:298)
	at com.google.cloud.datastore.emulator.impl.rules.EmulatorRulesAuthorizer.checkCommit(EmulatorRulesAuthorizer.java:130)
	at com.google.cloud.datastore.emulator.impl.firestore.CloudFirestoreV1.commitHelper(CloudFirestoreV1.java:1045)
	at com.google.cloud.datastore.emulator.impl.firestore.CloudFirestoreV1.internalCommit(CloudFirestoreV1.java:955)
	at com.google.cloud.datastore.emulator.impl.firestore.CloudFirestoreV1.internalCommit(CloudFirestoreV1.java:942)
	at com.google.cloud.datastore.emulator.impl.firestore.CloudFirestoreV1.write(CloudFirestoreV1.java:930)
	at com.google.cloud.datastore.emulator.impl.firestore.CloudFirestoreV1WriteStream.handleRequest(CloudFirestoreV1WriteStream.java:210)
	at com.google.cloud.datastore.emulator.impl.firestore.CloudFirestoreV1WriteStream.write(CloudFirestoreV1WriteStream.java:138)
	at com.google.cloud.datastore.emulator.impl.firestore.CloudFirestoreV1WriteStream.onNext(CloudFirestoreV1WriteStream.java:93)
	at com.google.cloud.datastore.emulator.impl.firestore.CloudFirestoreV1WriteStream.onNext(CloudFirestoreV1WriteStream.java:26)
	at io.grpc.stub.ServerCalls$StreamingServerCallHandler$StreamingServerCallListener.onMessage(ServerCalls.java:262)
	at io.grpc.ForwardingServerCallListener.onMessage(ForwardingServerCallListener.java:33)
	at io.grpc.Contexts$ContextualizedServerCallListener.onMessage(Contexts.java:76)
	at io.grpc.ForwardingServerCallListener.onMessage(ForwardingServerCallListener.java:33)
	at io.grpc.Contexts$ContextualizedServerCallListener.onMessage(Contexts.java:76)
	at io.grpc.internal.ServerCallImpl$ServerStreamListenerImpl.messagesAvailableInternal(ServerCallImpl.java:324)
	at io.grpc.internal.ServerCallImpl$ServerStreamListenerImpl.messagesAvailable(ServerCallImpl.java:309)
	at io.grpc.internal.ServerImpl$JumpToApplicationThreadServerStreamListener$1MessagesAvailable.runInContext(ServerImpl.java:833)
	at io.grpc.internal.ContextRunnable.run(ContextRunnable.java:37)
	at io.grpc.internal.SerializingExecutor.run(SerializingExecutor.java:133)
	at java.base/java.util.concurrent.ThreadPoolExecutor.runWorker(ThreadPoolExecutor.java:1136)
	at java.base/java.util.concurrent.ThreadPoolExecutor$Worker.run(ThreadPoolExecutor.java:635)
	at java.base/java.lang.Thread.run(Thread.java:833)

Multiple projectIds are not recommended in single project mode. Requested project ID compendium-tester, but the emulator is configured for dev-complexity-compendium. To opt-out of single project mode add/set the '"singleProjectMode": false' property in the firebase.json emulators config.
Multiple projectIds are not recommended in single project mode. Requested project ID compendium-tester, but the emulator is configured for dev-complexity-compendium. To opt-out of single project mode add/set the '"singleProjectMode": false' property in the firebase.json emulators config.
Multiple projectIds are not recommended in single project mode. Requested project ID compendium-tester, but the emulator is configured for dev-complexity-compendium. To opt-out of single project mode add/set the '"singleProjectMode": false' property in the firebase.json emulators config.
Nov 14, 2023 6:44:00 AM com.google.cloud.datastore.emulator.impl.util.WrappedStreamObserver onError
WARNING: Operation failed: 
Unable to evaluate the expression as the maximum of 1000 expressions to evaluate has been reached. for 'update' @ L259, false for 'update' @ L259
com.google.cloud.datastore.core.exception.DatastoreException: 
Unable to evaluate the expression as the maximum of 1000 expressions to evaluate has been reached. for 'update' @ L259, false for 'update' @ L259
	at com.google.cloud.datastore.core.exception.DatastoreException$Builder.build(DatastoreException.java:120)
	at com.google.cloud.datastore.emulator.impl.rules.EmulatorRulesAuthorizer.verboseError(EmulatorRulesAuthorizer.java:321)
	at com.google.cloud.datastore.emulator.impl.rules.EmulatorRulesAuthorizer.withVerboseErrors(EmulatorRulesAuthorizer.java:298)
	at com.google.cloud.datastore.emulator.impl.rules.EmulatorRulesAuthorizer.checkCommit(EmulatorRulesAuthorizer.java:130)
	at com.google.cloud.datastore.emulator.impl.firestore.CloudFirestoreV1.commitHelper(CloudFirestoreV1.java:1045)
	at com.google.cloud.datastore.emulator.impl.firestore.CloudFirestoreV1.internalCommit(CloudFirestoreV1.java:955)
	at com.google.cloud.datastore.emulator.impl.firestore.CloudFirestoreV1.internalCommit(CloudFirestoreV1.java:942)
	at com.google.cloud.datastore.emulator.impl.firestore.CloudFirestoreV1.write(CloudFirestoreV1.java:930)
	at com.google.cloud.datastore.emulator.impl.firestore.CloudFirestoreV1WriteStream.handleRequest(CloudFirestoreV1WriteStream.java:210)
	at com.google.cloud.datastore.emulator.impl.firestore.CloudFirestoreV1WriteStream.write(CloudFirestoreV1WriteStream.java:138)
	at com.google.cloud.datastore.emulator.impl.firestore.CloudFirestoreV1WriteStream.onNext(CloudFirestoreV1WriteStream.java:93)
	at com.google.cloud.datastore.emulator.impl.firestore.CloudFirestoreV1WriteStream.onNext(CloudFirestoreV1WriteStream.java:26)
	at io.grpc.stub.ServerCalls$StreamingServerCallHandler$StreamingServerCallListener.onMessage(ServerCalls.java:262)
	at io.grpc.ForwardingServerCallListener.onMessage(ForwardingServerCallListener.java:33)
	at io.grpc.Contexts$ContextualizedServerCallListener.onMessage(Contexts.java:76)
	at io.grpc.ForwardingServerCallListener.onMessage(ForwardingServerCallListener.java:33)
	at io.grpc.Contexts$ContextualizedServerCallListener.onMessage(Contexts.java:76)
	at io.grpc.internal.ServerCallImpl$ServerStreamListenerImpl.messagesAvailableInternal(ServerCallImpl.java:324)
	at io.grpc.internal.ServerCallImpl$ServerStreamListenerImpl.messagesAvailable(ServerCallImpl.java:309)
	at io.grpc.internal.ServerImpl$JumpToApplicationThreadServerStreamListener$1MessagesAvailable.runInContext(ServerImpl.java:833)
	at io.grpc.internal.ContextRunnable.run(ContextRunnable.java:37)
	at io.grpc.internal.SerializingExecutor.run(SerializingExecutor.java:133)
	at java.base/java.util.concurrent.ThreadPoolExecutor.runWorker(ThreadPoolExecutor.java:1136)
	at java.base/java.util.concurrent.ThreadPoolExecutor$Worker.run(ThreadPoolExecutor.java:635)
	at java.base/java.lang.Thread.run(Thread.java:833)

Multiple projectIds are not recommended in single project mode. Requested project ID compendium-tester, but the emulator is configured for dev-complexity-compendium. To opt-out of single project mode add/set the '"singleProjectMode": false' property in the firebase.json emulators config.
Multiple projectIds are not recommended in single project mode. Requested project ID compendium-tester, but the emulator is configured for dev-complexity-compendium. To opt-out of single project mode add/set the '"singleProjectMode": false' property in the firebase.json emulators config.
Multiple projectIds are not recommended in single project mode. Requested project ID compendium-tester, but the emulator is configured for dev-complexity-compendium. To opt-out of single project mode add/set the '"singleProjectMode": false' property in the firebase.json emulators config.
Multiple projectIds are not recommended in single project mode. Requested project ID compendium-tester, but the emulator is configured for dev-complexity-compendium. To opt-out of single project mode add/set the '"singleProjectMode": false' property in the firebase.json emulators config.
Multiple projectIds are not recommended in single project mode. Requested project ID compendium-tester, but the emulator is configured for dev-complexity-compendium. To opt-out of single project mode add/set the '"singleProjectMode": false' property in the firebase.json emulators config.
Multiple projectIds are not recommended in single project mode. Requested project ID compendium-tester, but the emulator is configured for dev-complexity-compendium. To opt-out of single project mode add/set the '"singleProjectMode": false' property in the firebase.json emulators config.
Nov 14, 2023 6:44:00 AM com.google.cloud.datastore.emulator.impl.util.WrappedStreamObserver onError
WARNING: Operation failed: 
evaluation error at L259:24 for 'update' @ L259, Null value error. for 'update' @ L259
com.google.cloud.datastore.core.exception.DatastoreException: 
evaluation error at L259:24 for 'update' @ L259, Null value error. for 'update' @ L259
	at com.google.cloud.datastore.core.exception.DatastoreException$Builder.build(DatastoreException.java:120)
	at com.google.cloud.datastore.emulator.impl.rules.EmulatorRulesAuthorizer.verboseError(EmulatorRulesAuthorizer.java:321)
	at com.google.cloud.datastore.emulator.impl.rules.EmulatorRulesAuthorizer.withVerboseErrors(EmulatorRulesAuthorizer.java:298)
	at com.google.cloud.datastore.emulator.impl.rules.EmulatorRulesAuthorizer.checkCommit(EmulatorRulesAuthorizer.java:130)
	at com.google.cloud.datastore.emulator.impl.firestore.CloudFirestoreV1.commitHelper(CloudFirestoreV1.java:1045)
	at com.google.cloud.datastore.emulator.impl.firestore.CloudFirestoreV1.internalCommit(CloudFirestoreV1.java:955)
	at com.google.cloud.datastore.emulator.impl.firestore.CloudFirestoreV1.internalCommit(CloudFirestoreV1.java:942)
	at com.google.cloud.datastore.emulator.impl.firestore.CloudFirestoreV1.write(CloudFirestoreV1.java:930)
	at com.google.cloud.datastore.emulator.impl.firestore.CloudFirestoreV1WriteStream.handleRequest(CloudFirestoreV1WriteStream.java:210)
	at com.google.cloud.datastore.emulator.impl.firestore.CloudFirestoreV1WriteStream.write(CloudFirestoreV1WriteStream.java:138)
	at com.google.cloud.datastore.emulator.impl.firestore.CloudFirestoreV1WriteStream.onNext(CloudFirestoreV1WriteStream.java:93)
	at com.google.cloud.datastore.emulator.impl.firestore.CloudFirestoreV1WriteStream.onNext(CloudFirestoreV1WriteStream.java:26)
	at io.grpc.stub.ServerCalls$StreamingServerCallHandler$StreamingServerCallListener.onMessage(ServerCalls.java:262)
	at io.grpc.ForwardingServerCallListener.onMessage(ForwardingServerCallListener.java:33)
	at io.grpc.Contexts$ContextualizedServerCallListener.onMessage(Contexts.java:76)
	at io.grpc.ForwardingServerCallListener.onMessage(ForwardingServerCallListener.java:33)
	at io.grpc.Contexts$ContextualizedServerCallListener.onMessage(Contexts.java:76)
	at io.grpc.internal.ServerCallImpl$ServerStreamListenerImpl.messagesAvailableInternal(ServerCallImpl.java:324)
	at io.grpc.internal.ServerCallImpl$ServerStreamListenerImpl.messagesAvailable(ServerCallImpl.java:309)
	at io.grpc.internal.ServerImpl$JumpToApplicationThreadServerStreamListener$1MessagesAvailable.runInContext(ServerImpl.java:833)
	at io.grpc.internal.ContextRunnable.run(ContextRunnable.java:37)
	at io.grpc.internal.SerializingExecutor.run(SerializingExecutor.java:133)
	at java.base/java.util.concurrent.ThreadPoolExecutor.runWorker(ThreadPoolExecutor.java:1136)
	at java.base/java.util.concurrent.ThreadPoolExecutor$Worker.run(ThreadPoolExecutor.java:635)
	at java.base/java.lang.Thread.run(Thread.java:833)
Caused by: com.google.firebase.rules.runtime.common.EvaluationException: Error:  line [85], column [17]. Null value error.
	at com.google.firebase.rules.runtime.impl.DefaultEvaluator$TransformEvaluationException.apply(DefaultEvaluator.java:275)
	at com.google.firebase.rules.runtime.impl.DefaultEvaluator$TransformEvaluationException.apply(DefaultEvaluator.java:261)
	at com.google.common.util.concurrent.AbstractCatchingFuture$AsyncCatchingFuture.doFallback(AbstractCatchingFuture.java:206)
	at com.google.common.util.concurrent.AbstractCatchingFuture$AsyncCatchingFuture.doFallback(AbstractCatchingFuture.java:193)
	at com.google.common.util.concurrent.AbstractCatchingFuture.run(AbstractCatchingFuture.java:135)
	at com.google.common.util.concurrent.DirectExecutor.execute(DirectExecutor.java:32)
	at com.google.common.util.concurrent.AbstractFuture.executeListener(AbstractFuture.java:1293)
	at com.google.common.util.concurrent.AbstractFuture.addListener(AbstractFuture.java:764)
	at com.google.common.util.concurrent.FluentFuture$TrustedFuture.addListener(FluentFuture.java:122)
	at com.google.common.util.concurrent.AbstractCatchingFuture.create(AbstractCatchingFuture.java:58)
	at com.google.common.util.concurrent.Futures.catchingAsync(Futures.java:411)
	at com.google.firebase.rules.runtime.impl.DefaultEvaluator.evaluate(DefaultEvaluator.java:177)
	at com.google.cloud.datastore.emulator.impl.rules.EmulatorRuleClient$EmulatorRuleEvaluator.evaluate(EmulatorRuleClient.java:84)
	at com.google.cloud.datastore.core.auth.rules.AsyncTwoPhaseRulesAuthorizer.lambda$fullEvaluate$9(AsyncTwoPhaseRulesAuthorizer.java:944)
	at com.google.cloud.datastore.computation.Computation.tryCatch(Computation.java:373)
	at com.google.cloud.datastore.core.auth.rules.AsyncTwoPhaseRulesAuthorizer.fullEvaluate(AsyncTwoPhaseRulesAuthorizer.java:943)
	at com.google.cloud.datastore.core.auth.rules.AsyncTwoPhaseRulesAuthorizer$CommitAuthorizerImpl.lambda$checkWrite$1(AsyncTwoPhaseRulesAuthorizer.java:1176)
	at com.google.cloud.datastore.computation.Computation.lambda$tryClose$26(Computation.java:642)
	at com.google.cloud.datastore.computation.Computation.tryCatch(Computation.java:373)
	at com.google.cloud.datastore.computation.Computation.tryFinally(Computation.java:609)
	at com.google.cloud.datastore.computation.Computation.tryFinally(Computation.java:615)
	at com.google.cloud.datastore.computation.Computation.tryClose(Computation.java:642)
	at com.google.cloud.datastore.core.auth.rules.AsyncTwoPhaseRulesAuthorizer$CommitAuthorizerImpl.checkWrite(AsyncTwoPhaseRulesAuthorizer.java:1145)
	at com.google.cloud.datastore.emulator.impl.rules.EmulatorRulesAuthorizer.lambda$checkCommit$0(EmulatorRulesAuthorizer.java:140)
	at com.google.cloud.datastore.emulator.impl.rules.EmulatorRulesAuthorizer.withVerboseErrors(EmulatorRulesAuthorizer.java:293)
	... 22 more

Multiple projectIds are not recommended in single project mode. Requested project ID compendium-tester, but the emulator is configured for dev-complexity-compendium. To opt-out of single project mode add/set the '"singleProjectMode": false' property in the firebase.json emulators config.
Multiple projectIds are not recommended in single project mode. Requested project ID compendium-tester, but the emulator is configured for dev-complexity-compendium. To opt-out of single project mode add/set the '"singleProjectMode": false' property in the firebase.json emulators config.
Multiple projectIds are not recommended in single project mode. Requested project ID compendium-tester, but the emulator is configured for dev-complexity-compendium. To opt-out of single project mode add/set the '"singleProjectMode": false' property in the firebase.json emulators config.
Nov 14, 2023 6:44:00 AM com.google.cloud.datastore.emulator.impl.util.WrappedStreamObserver onError
WARNING: Operation failed: 
Unable to evaluate the expression as the maximum of 1000 expressions to evaluate has been reached. for 'update' @ L259, false for 'update' @ L259
com.google.cloud.datastore.core.exception.DatastoreException: 
Unable to evaluate the expression as the maximum of 1000 expressions to evaluate has been reached. for 'update' @ L259, false for 'update' @ L259
	at com.google.cloud.datastore.core.exception.DatastoreException$Builder.build(DatastoreException.java:120)
	at com.google.cloud.datastore.emulator.impl.rules.EmulatorRulesAuthorizer.verboseError(EmulatorRulesAuthorizer.java:321)
	at com.google.cloud.datastore.emulator.impl.rules.EmulatorRulesAuthorizer.withVerboseErrors(EmulatorRulesAuthorizer.java:298)
	at com.google.cloud.datastore.emulator.impl.rules.EmulatorRulesAuthorizer.checkCommit(EmulatorRulesAuthorizer.java:130)
	at com.google.cloud.datastore.emulator.impl.firestore.CloudFirestoreV1.commitHelper(CloudFirestoreV1.java:1045)
	at com.google.cloud.datastore.emulator.impl.firestore.CloudFirestoreV1.internalCommit(CloudFirestoreV1.java:955)
	at com.google.cloud.datastore.emulator.impl.firestore.CloudFirestoreV1.internalCommit(CloudFirestoreV1.java:942)
	at com.google.cloud.datastore.emulator.impl.firestore.CloudFirestoreV1.write(CloudFirestoreV1.java:930)
	at com.google.cloud.datastore.emulator.impl.firestore.CloudFirestoreV1WriteStream.handleRequest(CloudFirestoreV1WriteStream.java:210)
	at com.google.cloud.datastore.emulator.impl.firestore.CloudFirestoreV1WriteStream.write(CloudFirestoreV1WriteStream.java:138)
	at com.google.cloud.datastore.emulator.impl.firestore.CloudFirestoreV1WriteStream.onNext(CloudFirestoreV1WriteStream.java:93)
	at com.google.cloud.datastore.emulator.impl.firestore.CloudFirestoreV1WriteStream.onNext(CloudFirestoreV1WriteStream.java:26)
	at io.grpc.stub.ServerCalls$StreamingServerCallHandler$StreamingServerCallListener.onMessage(ServerCalls.java:262)
	at io.grpc.ForwardingServerCallListener.onMessage(ForwardingServerCallListener.java:33)
	at io.grpc.Contexts$ContextualizedServerCallListener.onMessage(Contexts.java:76)
	at io.grpc.ForwardingServerCallListener.onMessage(ForwardingServerCallListener.java:33)
	at io.grpc.Contexts$ContextualizedServerCallListener.onMessage(Contexts.java:76)
	at io.grpc.internal.ServerCallImpl$ServerStreamListenerImpl.messagesAvailableInternal(ServerCallImpl.java:324)
	at io.grpc.internal.ServerCallImpl$ServerStreamListenerImpl.messagesAvailable(ServerCallImpl.java:309)
	at io.grpc.internal.ServerImpl$JumpToApplicationThreadServerStreamListener$1MessagesAvailable.runInContext(ServerImpl.java:833)
	at io.grpc.internal.ContextRunnable.run(ContextRunnable.java:37)
	at io.grpc.internal.SerializingExecutor.run(SerializingExecutor.java:133)
	at java.base/java.util.concurrent.ThreadPoolExecutor.runWorker(ThreadPoolExecutor.java:1136)
	at java.base/java.util.concurrent.ThreadPoolExecutor$Worker.run(ThreadPoolExecutor.java:635)
	at java.base/java.lang.Thread.run(Thread.java:833)

Multiple projectIds are not recommended in single project mode. Requested project ID compendium-tester, but the emulator is configured for dev-complexity-compendium. To opt-out of single project mode add/set the '"singleProjectMode": false' property in the firebase.json emulators config.
Multiple projectIds are not recommended in single project mode. Requested project ID compendium-tester, but the emulator is configured for dev-complexity-compendium. To opt-out of single project mode add/set the '"singleProjectMode": false' property in the firebase.json emulators config.
Multiple projectIds are not recommended in single project mode. Requested project ID compendium-tester, but the emulator is configured for dev-complexity-compendium. To opt-out of single project mode add/set the '"singleProjectMode": false' property in the firebase.json emulators config.
Multiple projectIds are not recommended in single project mode. Requested project ID compendium-tester, but the emulator is configured for dev-complexity-compendium. To opt-out of single project mode add/set the '"singleProjectMode": false' property in the firebase.json emulators config.
Multiple projectIds are not recommended in single project mode. Requested project ID compendium-tester, but the emulator is configured for dev-complexity-compendium. To opt-out of single project mode add/set the '"singleProjectMode": false' property in the firebase.json emulators config.
Multiple projectIds are not recommended in single project mode. Requested project ID compendium-tester, but the emulator is configured for dev-complexity-compendium. To opt-out of single project mode add/set the '"singleProjectMode": false' property in the firebase.json emulators config.
Nov 14, 2023 6:44:00 AM com.google.cloud.datastore.emulator.impl.util.WrappedStreamObserver onError
WARNING: Operation failed: 
evaluation error at L259:24 for 'update' @ L259, Null value error. for 'update' @ L259
com.google.cloud.datastore.core.exception.DatastoreException: 
evaluation error at L259:24 for 'update' @ L259, Null value error. for 'update' @ L259
	at com.google.cloud.datastore.core.exception.DatastoreException$Builder.build(DatastoreException.java:120)
	at com.google.cloud.datastore.emulator.impl.rules.EmulatorRulesAuthorizer.verboseError(EmulatorRulesAuthorizer.java:321)
	at com.google.cloud.datastore.emulator.impl.rules.EmulatorRulesAuthorizer.withVerboseErrors(EmulatorRulesAuthorizer.java:298)
	at com.google.cloud.datastore.emulator.impl.rules.EmulatorRulesAuthorizer.checkCommit(EmulatorRulesAuthorizer.java:130)
	at com.google.cloud.datastore.emulator.impl.firestore.CloudFirestoreV1.commitHelper(CloudFirestoreV1.java:1045)
	at com.google.cloud.datastore.emulator.impl.firestore.CloudFirestoreV1.internalCommit(CloudFirestoreV1.java:955)
	at com.google.cloud.datastore.emulator.impl.firestore.CloudFirestoreV1.internalCommit(CloudFirestoreV1.java:942)
	at com.google.cloud.datastore.emulator.impl.firestore.CloudFirestoreV1.write(CloudFirestoreV1.java:930)
	at com.google.cloud.datastore.emulator.impl.firestore.CloudFirestoreV1WriteStream.handleRequest(CloudFirestoreV1WriteStream.java:210)
	at com.google.cloud.datastore.emulator.impl.firestore.CloudFirestoreV1WriteStream.write(CloudFirestoreV1WriteStream.java:138)
	at com.google.cloud.datastore.emulator.impl.firestore.CloudFirestoreV1WriteStream.onNext(CloudFirestoreV1WriteStream.java:93)
	at com.google.cloud.datastore.emulator.impl.firestore.CloudFirestoreV1WriteStream.onNext(CloudFirestoreV1WriteStream.java:26)
	at io.grpc.stub.ServerCalls$StreamingServerCallHandler$StreamingServerCallListener.onMessage(ServerCalls.java:262)
	at io.grpc.ForwardingServerCallListener.onMessage(ForwardingServerCallListener.java:33)
	at io.grpc.Contexts$ContextualizedServerCallListener.onMessage(Contexts.java:76)
	at io.grpc.ForwardingServerCallListener.onMessage(ForwardingServerCallListener.java:33)
	at io.grpc.Contexts$ContextualizedServerCallListener.onMessage(Contexts.java:76)
	at io.grpc.internal.ServerCallImpl$ServerStreamListenerImpl.messagesAvailableInternal(ServerCallImpl.java:324)
	at io.grpc.internal.ServerCallImpl$ServerStreamListenerImpl.messagesAvailable(ServerCallImpl.java:309)
	at io.grpc.internal.ServerImpl$JumpToApplicationThreadServerStreamListener$1MessagesAvailable.runInContext(ServerImpl.java:833)
	at io.grpc.internal.ContextRunnable.run(ContextRunnable.java:37)
	at io.grpc.internal.SerializingExecutor.run(SerializingExecutor.java:133)
	at java.base/java.util.concurrent.ThreadPoolExecutor.runWorker(ThreadPoolExecutor.java:1136)
	at java.base/java.util.concurrent.ThreadPoolExecutor$Worker.run(ThreadPoolExecutor.java:635)
	at java.base/java.lang.Thread.run(Thread.java:833)
Caused by: com.google.firebase.rules.runtime.common.EvaluationException: Error:  line [85], column [17]. Null value error.
	at com.google.firebase.rules.runtime.impl.DefaultEvaluator$TransformEvaluationException.apply(DefaultEvaluator.java:275)
	at com.google.firebase.rules.runtime.impl.DefaultEvaluator$TransformEvaluationException.apply(DefaultEvaluator.java:261)
	at com.google.common.util.concurrent.AbstractCatchingFuture$AsyncCatchingFuture.doFallback(AbstractCatchingFuture.java:206)
	at com.google.common.util.concurrent.AbstractCatchingFuture$AsyncCatchingFuture.doFallback(AbstractCatchingFuture.java:193)
	at com.google.common.util.concurrent.AbstractCatchingFuture.run(AbstractCatchingFuture.java:135)
	at com.google.common.util.concurrent.DirectExecutor.execute(DirectExecutor.java:32)
	at com.google.common.util.concurrent.AbstractFuture.executeListener(AbstractFuture.java:1293)
	at com.google.common.util.concurrent.AbstractFuture.addListener(AbstractFuture.java:764)
	at com.google.common.util.concurrent.FluentFuture$TrustedFuture.addListener(FluentFuture.java:122)
	at com.google.common.util.concurrent.AbstractCatchingFuture.create(AbstractCatchingFuture.java:58)
	at com.google.common.util.concurrent.Futures.catchingAsync(Futures.java:411)
	at com.google.firebase.rules.runtime.impl.DefaultEvaluator.evaluate(DefaultEvaluator.java:177)
	at com.google.cloud.datastore.emulator.impl.rules.EmulatorRuleClient$EmulatorRuleEvaluator.evaluate(EmulatorRuleClient.java:84)
	at com.google.cloud.datastore.core.auth.rules.AsyncTwoPhaseRulesAuthorizer.lambda$fullEvaluate$9(AsyncTwoPhaseRulesAuthorizer.java:944)
	at com.google.cloud.datastore.computation.Computation.tryCatch(Computation.java:373)
	at com.google.cloud.datastore.core.auth.rules.AsyncTwoPhaseRulesAuthorizer.fullEvaluate(AsyncTwoPhaseRulesAuthorizer.java:943)
	at com.google.cloud.datastore.core.auth.rules.AsyncTwoPhaseRulesAuthorizer$CommitAuthorizerImpl.lambda$checkWrite$1(AsyncTwoPhaseRulesAuthorizer.java:1176)
	at com.google.cloud.datastore.computation.Computation.lambda$tryClose$26(Computation.java:642)
	at com.google.cloud.datastore.computation.Computation.tryCatch(Computation.java:373)
	at com.google.cloud.datastore.computation.Computation.tryFinally(Computation.java:609)
	at com.google.cloud.datastore.computation.Computation.tryFinally(Computation.java:615)
	at com.google.cloud.datastore.computation.Computation.tryClose(Computation.java:642)
	at com.google.cloud.datastore.core.auth.rules.AsyncTwoPhaseRulesAuthorizer$CommitAuthorizerImpl.checkWrite(AsyncTwoPhaseRulesAuthorizer.java:1145)
	at com.google.cloud.datastore.emulator.impl.rules.EmulatorRulesAuthorizer.lambda$checkCommit$0(EmulatorRulesAuthorizer.java:140)
	at com.google.cloud.datastore.emulator.impl.rules.EmulatorRulesAuthorizer.withVerboseErrors(EmulatorRulesAuthorizer.java:293)
	... 22 more

Multiple projectIds are not recommended in single project mode. Requested project ID compendium-tester, but the emulator is configured for dev-complexity-compendium. To opt-out of single project mode add/set the '"singleProjectMode": false' property in the firebase.json emulators config.
Multiple projectIds are not recommended in single project mode. Requested project ID compendium-tester, but the emulator is configured for dev-complexity-compendium. To opt-out of single project mode add/set the '"singleProjectMode": false' property in the firebase.json emulators config.
Multiple projectIds are not recommended in single project mode. Requested project ID compendium-tester, but the emulator is configured for dev-complexity-compendium. To opt-out of single project mode add/set the '"singleProjectMode": false' property in the firebase.json emulators config.
Nov 14, 2023 6:44:00 AM com.google.cloud.datastore.emulator.impl.util.WrappedStreamObserver onError
WARNING: Operation failed: 
Unable to evaluate the expression as the maximum of 1000 expressions to evaluate has been reached. for 'update' @ L259, false for 'update' @ L259
com.google.cloud.datastore.core.exception.DatastoreException: 
Unable to evaluate the expression as the maximum of 1000 expressions to evaluate has been reached. for 'update' @ L259, false for 'update' @ L259
	at com.google.cloud.datastore.core.exception.DatastoreException$Builder.build(DatastoreException.java:120)
	at com.google.cloud.datastore.emulator.impl.rules.EmulatorRulesAuthorizer.verboseError(EmulatorRulesAuthorizer.java:321)
	at com.google.cloud.datastore.emulator.impl.rules.EmulatorRulesAuthorizer.withVerboseErrors(EmulatorRulesAuthorizer.java:298)
	at com.google.cloud.datastore.emulator.impl.rules.EmulatorRulesAuthorizer.checkCommit(EmulatorRulesAuthorizer.java:130)
	at com.google.cloud.datastore.emulator.impl.firestore.CloudFirestoreV1.commitHelper(CloudFirestoreV1.java:1045)
	at com.google.cloud.datastore.emulator.impl.firestore.CloudFirestoreV1.internalCommit(CloudFirestoreV1.java:955)
	at com.google.cloud.datastore.emulator.impl.firestore.CloudFirestoreV1.internalCommit(CloudFirestoreV1.java:942)
	at com.google.cloud.datastore.emulator.impl.firestore.CloudFirestoreV1.write(CloudFirestoreV1.java:930)
	at com.google.cloud.datastore.emulator.impl.firestore.CloudFirestoreV1WriteStream.handleRequest(CloudFirestoreV1WriteStream.java:210)
	at com.google.cloud.datastore.emulator.impl.firestore.CloudFirestoreV1WriteStream.write(CloudFirestoreV1WriteStream.java:138)
	at com.google.cloud.datastore.emulator.impl.firestore.CloudFirestoreV1WriteStream.onNext(CloudFirestoreV1WriteStream.java:93)
	at com.google.cloud.datastore.emulator.impl.firestore.CloudFirestoreV1WriteStream.onNext(CloudFirestoreV1WriteStream.java:26)
	at io.grpc.stub.ServerCalls$StreamingServerCallHandler$StreamingServerCallListener.onMessage(ServerCalls.java:262)
	at io.grpc.ForwardingServerCallListener.onMessage(ForwardingServerCallListener.java:33)
	at io.grpc.Contexts$ContextualizedServerCallListener.onMessage(Contexts.java:76)
	at io.grpc.ForwardingServerCallListener.onMessage(ForwardingServerCallListener.java:33)
	at io.grpc.Contexts$ContextualizedServerCallListener.onMessage(Contexts.java:76)
	at io.grpc.internal.ServerCallImpl$ServerStreamListenerImpl.messagesAvailableInternal(ServerCallImpl.java:324)
	at io.grpc.internal.ServerCallImpl$ServerStreamListenerImpl.messagesAvailable(ServerCallImpl.java:309)
	at io.grpc.internal.ServerImpl$JumpToApplicationThreadServerStreamListener$1MessagesAvailable.runInContext(ServerImpl.java:833)
	at io.grpc.internal.ContextRunnable.run(ContextRunnable.java:37)
	at io.grpc.internal.SerializingExecutor.run(SerializingExecutor.java:133)
	at java.base/java.util.concurrent.ThreadPoolExecutor.runWorker(ThreadPoolExecutor.java:1136)
	at java.base/java.util.concurrent.ThreadPoolExecutor$Worker.run(ThreadPoolExecutor.java:635)
	at java.base/java.lang.Thread.run(Thread.java:833)

Multiple projectIds are not recommended in single project mode. Requested project ID compendium-tester, but the emulator is configured for dev-complexity-compendium. To opt-out of single project mode add/set the '"singleProjectMode": false' property in the firebase.json emulators config.
Multiple projectIds are not recommended in single project mode. Requested project ID compendium-tester, but the emulator is configured for dev-complexity-compendium. To opt-out of single project mode add/set the '"singleProjectMode": false' property in the firebase.json emulators config.
Multiple projectIds are not recommended in single project mode. Requested project ID compendium-tester, but the emulator is configured for dev-complexity-compendium. To opt-out of single project mode add/set the '"singleProjectMode": false' property in the firebase.json emulators config.
Multiple projectIds are not recommended in single project mode. Requested project ID compendium-tester, but the emulator is configured for dev-complexity-compendium. To opt-out of single project mode add/set the '"singleProjectMode": false' property in the firebase.json emulators config.
Multiple projectIds are not recommended in single project mode. Requested project ID compendium-tester, but the emulator is configured for dev-complexity-compendium. To opt-out of single project mode add/set the '"singleProjectMode": false' property in the firebase.json emulators config.
Multiple projectIds are not recommended in single project mode. Requested project ID compendium-tester, but the emulator is configured for dev-complexity-compendium. To opt-out of single project mode add/set the '"singleProjectMode": false' property in the firebase.json emulators config.
Nov 14, 2023 6:44:00 AM com.google.cloud.datastore.emulator.impl.util.WrappedStreamObserver onError
WARNING: Operation failed: 
Unable to evaluate the expression as the maximum of 1000 expressions to evaluate has been reached. for 'update' @ L259, false for 'update' @ L259
com.google.cloud.datastore.core.exception.DatastoreException: 
Unable to evaluate the expression as the maximum of 1000 expressions to evaluate has been reached. for 'update' @ L259, false for 'update' @ L259
	at com.google.cloud.datastore.core.exception.DatastoreException$Builder.build(DatastoreException.java:120)
	at com.google.cloud.datastore.emulator.impl.rules.EmulatorRulesAuthorizer.verboseError(EmulatorRulesAuthorizer.java:321)
	at com.google.cloud.datastore.emulator.impl.rules.EmulatorRulesAuthorizer.withVerboseErrors(EmulatorRulesAuthorizer.java:298)
	at com.google.cloud.datastore.emulator.impl.rules.EmulatorRulesAuthorizer.checkCommit(EmulatorRulesAuthorizer.java:130)
	at com.google.cloud.datastore.emulator.impl.firestore.CloudFirestoreV1.commitHelper(CloudFirestoreV1.java:1045)
	at com.google.cloud.datastore.emulator.impl.firestore.CloudFirestoreV1.internalCommit(CloudFirestoreV1.java:955)
	at com.google.cloud.datastore.emulator.impl.firestore.CloudFirestoreV1.internalCommit(CloudFirestoreV1.java:942)
	at com.google.cloud.datastore.emulator.impl.firestore.CloudFirestoreV1.write(CloudFirestoreV1.java:930)
	at com.google.cloud.datastore.emulator.impl.firestore.CloudFirestoreV1WriteStream.handleRequest(CloudFirestoreV1WriteStream.java:210)
	at com.google.cloud.datastore.emulator.impl.firestore.CloudFirestoreV1WriteStream.write(CloudFirestoreV1WriteStream.java:138)
	at com.google.cloud.datastore.emulator.impl.firestore.CloudFirestoreV1WriteStream.onNext(CloudFirestoreV1WriteStream.java:93)
	at com.google.cloud.datastore.emulator.impl.firestore.CloudFirestoreV1WriteStream.onNext(CloudFirestoreV1WriteStream.java:26)
	at io.grpc.stub.ServerCalls$StreamingServerCallHandler$StreamingServerCallListener.onMessage(ServerCalls.java:262)
	at io.grpc.ForwardingServerCallListener.onMessage(ForwardingServerCallListener.java:33)
	at io.grpc.Contexts$ContextualizedServerCallListener.onMessage(Contexts.java:76)
	at io.grpc.ForwardingServerCallListener.onMessage(ForwardingServerCallListener.java:33)
	at io.grpc.Contexts$ContextualizedServerCallListener.onMessage(Contexts.java:76)
	at io.grpc.internal.ServerCallImpl$ServerStreamListenerImpl.messagesAvailableInternal(ServerCallImpl.java:324)
	at io.grpc.internal.ServerCallImpl$ServerStreamListenerImpl.messagesAvailable(ServerCallImpl.java:309)
	at io.grpc.internal.ServerImpl$JumpToApplicationThreadServerStreamListener$1MessagesAvailable.runInContext(ServerImpl.java:833)
	at io.grpc.internal.ContextRunnable.run(ContextRunnable.java:37)
	at io.grpc.internal.SerializingExecutor.run(SerializingExecutor.java:133)
	at java.base/java.util.concurrent.ThreadPoolExecutor.runWorker(ThreadPoolExecutor.java:1136)
	at java.base/java.util.concurrent.ThreadPoolExecutor$Worker.run(ThreadPoolExecutor.java:635)
	at java.base/java.lang.Thread.run(Thread.java:833)

Multiple projectIds are not recommended in single project mode. Requested project ID compendium-tester, but the emulator is configured for dev-complexity-compendium. To opt-out of single project mode add/set the '"singleProjectMode": false' property in the firebase.json emulators config.
Multiple projectIds are not recommended in single project mode. Requested project ID compendium-tester, but the emulator is configured for dev-complexity-compendium. To opt-out of single project mode add/set the '"singleProjectMode": false' property in the firebase.json emulators config.
Multiple projectIds are not recommended in single project mode. Requested project ID compendium-tester, but the emulator is configured for dev-complexity-compendium. To opt-out of single project mode add/set the '"singleProjectMode": false' property in the firebase.json emulators config.
Nov 14, 2023 6:44:00 AM com.google.cloud.datastore.emulator.impl.util.WrappedStreamObserver onError
WARNING: Operation failed: 
Unable to evaluate the expression as the maximum of 1000 expressions to evaluate has been reached. for 'update' @ L259, false for 'update' @ L259
com.google.cloud.datastore.core.exception.DatastoreException: 
Unable to evaluate the expression as the maximum of 1000 expressions to evaluate has been reached. for 'update' @ L259, false for 'update' @ L259
	at com.google.cloud.datastore.core.exception.DatastoreException$Builder.build(DatastoreException.java:120)
	at com.google.cloud.datastore.emulator.impl.rules.EmulatorRulesAuthorizer.verboseError(EmulatorRulesAuthorizer.java:321)
	at com.google.cloud.datastore.emulator.impl.rules.EmulatorRulesAuthorizer.withVerboseErrors(EmulatorRulesAuthorizer.java:298)
	at com.google.cloud.datastore.emulator.impl.rules.EmulatorRulesAuthorizer.checkCommit(EmulatorRulesAuthorizer.java:130)
	at com.google.cloud.datastore.emulator.impl.firestore.CloudFirestoreV1.commitHelper(CloudFirestoreV1.java:1045)
	at com.google.cloud.datastore.emulator.impl.firestore.CloudFirestoreV1.internalCommit(CloudFirestoreV1.java:955)
	at com.google.cloud.datastore.emulator.impl.firestore.CloudFirestoreV1.internalCommit(CloudFirestoreV1.java:942)
	at com.google.cloud.datastore.emulator.impl.firestore.CloudFirestoreV1.write(CloudFirestoreV1.java:930)
	at com.google.cloud.datastore.emulator.impl.firestore.CloudFirestoreV1WriteStream.handleRequest(CloudFirestoreV1WriteStream.java:210)
	at com.google.cloud.datastore.emulator.impl.firestore.CloudFirestoreV1WriteStream.write(CloudFirestoreV1WriteStream.java:138)
	at com.google.cloud.datastore.emulator.impl.firestore.CloudFirestoreV1WriteStream.onNext(CloudFirestoreV1WriteStream.java:93)
	at com.google.cloud.datastore.emulator.impl.firestore.CloudFirestoreV1WriteStream.onNext(CloudFirestoreV1WriteStream.java:26)
	at io.grpc.stub.ServerCalls$StreamingServerCallHandler$StreamingServerCallListener.onMessage(ServerCalls.java:262)
	at io.grpc.ForwardingServerCallListener.onMessage(ForwardingServerCallListener.java:33)
	at io.grpc.Contexts$ContextualizedServerCallListener.onMessage(Contexts.java:76)
	at io.grpc.ForwardingServerCallListener.onMessage(ForwardingServerCallListener.java:33)
	at io.grpc.Contexts$ContextualizedServerCallListener.onMessage(Contexts.java:76)
	at io.grpc.internal.ServerCallImpl$ServerStreamListenerImpl.messagesAvailableInternal(ServerCallImpl.java:324)
	at io.grpc.internal.ServerCallImpl$ServerStreamListenerImpl.messagesAvailable(ServerCallImpl.java:309)
	at io.grpc.internal.ServerImpl$JumpToApplicationThreadServerStreamListener$1MessagesAvailable.runInContext(ServerImpl.java:833)
	at io.grpc.internal.ContextRunnable.run(ContextRunnable.java:37)
	at io.grpc.internal.SerializingExecutor.run(SerializingExecutor.java:133)
	at java.base/java.util.concurrent.ThreadPoolExecutor.runWorker(ThreadPoolExecutor.java:1136)
	at java.base/java.util.concurrent.ThreadPoolExecutor$Worker.run(ThreadPoolExecutor.java:635)
	at java.base/java.lang.Thread.run(Thread.java:833)

Multiple projectIds are not recommended in single project mode. Requested project ID compendium-tester, but the emulator is configured for dev-complexity-compendium. To opt-out of single project mode add/set the '"singleProjectMode": false' property in the firebase.json emulators config.
Multiple projectIds are not recommended in single project mode. Requested project ID compendium-tester, but the emulator is configured for dev-complexity-compendium. To opt-out of single project mode add/set the '"singleProjectMode": false' property in the firebase.json emulators config.
Multiple projectIds are not recommended in single project mode. Requested project ID compendium-tester, but the emulator is configured for dev-complexity-compendium. To opt-out of single project mode add/set the '"singleProjectMode": false' property in the firebase.json emulators config.
Nov 14, 2023 6:44:00 AM com.google.cloud.datastore.emulator.impl.util.WrappedStreamObserver onError
WARNING: Operation failed: 
Unable to evaluate the expression as the maximum of 1000 expressions to evaluate has been reached. for 'update' @ L259, false for 'update' @ L259
com.google.cloud.datastore.core.exception.DatastoreException: 
Unable to evaluate the expression as the maximum of 1000 expressions to evaluate has been reached. for 'update' @ L259, false for 'update' @ L259
	at com.google.cloud.datastore.core.exception.DatastoreException$Builder.build(DatastoreException.java:120)
	at com.google.cloud.datastore.emulator.impl.rules.EmulatorRulesAuthorizer.verboseError(EmulatorRulesAuthorizer.java:321)
	at com.google.cloud.datastore.emulator.impl.rules.EmulatorRulesAuthorizer.withVerboseErrors(EmulatorRulesAuthorizer.java:298)
	at com.google.cloud.datastore.emulator.impl.rules.EmulatorRulesAuthorizer.checkCommit(EmulatorRulesAuthorizer.java:130)
	at com.google.cloud.datastore.emulator.impl.firestore.CloudFirestoreV1.commitHelper(CloudFirestoreV1.java:1045)
	at com.google.cloud.datastore.emulator.impl.firestore.CloudFirestoreV1.internalCommit(CloudFirestoreV1.java:955)
	at com.google.cloud.datastore.emulator.impl.firestore.CloudFirestoreV1.internalCommit(CloudFirestoreV1.java:942)
	at com.google.cloud.datastore.emulator.impl.firestore.CloudFirestoreV1.write(CloudFirestoreV1.java:930)
	at com.google.cloud.datastore.emulator.impl.firestore.CloudFirestoreV1WriteStream.handleRequest(CloudFirestoreV1WriteStream.java:210)
	at com.google.cloud.datastore.emulator.impl.firestore.CloudFirestoreV1WriteStream.write(CloudFirestoreV1WriteStream.java:138)
	at com.google.cloud.datastore.emulator.impl.firestore.CloudFirestoreV1WriteStream.onNext(CloudFirestoreV1WriteStream.java:93)
	at com.google.cloud.datastore.emulator.impl.firestore.CloudFirestoreV1WriteStream.onNext(CloudFirestoreV1WriteStream.java:26)
	at io.grpc.stub.ServerCalls$StreamingServerCallHandler$StreamingServerCallListener.onMessage(ServerCalls.java:262)
	at io.grpc.ForwardingServerCallListener.onMessage(ForwardingServerCallListener.java:33)
	at io.grpc.Contexts$ContextualizedServerCallListener.onMessage(Contexts.java:76)
	at io.grpc.ForwardingServerCallListener.onMessage(ForwardingServerCallListener.java:33)
	at io.grpc.Contexts$ContextualizedServerCallListener.onMessage(Contexts.java:76)
	at io.grpc.internal.ServerCallImpl$ServerStreamListenerImpl.messagesAvailableInternal(ServerCallImpl.java:324)
	at io.grpc.internal.ServerCallImpl$ServerStreamListenerImpl.messagesAvailable(ServerCallImpl.java:309)
	at io.grpc.internal.ServerImpl$JumpToApplicationThreadServerStreamListener$1MessagesAvailable.runInContext(ServerImpl.java:833)
	at io.grpc.internal.ContextRunnable.run(ContextRunnable.java:37)
	at io.grpc.internal.SerializingExecutor.run(SerializingExecutor.java:133)
	at java.base/java.util.concurrent.ThreadPoolExecutor.runWorker(ThreadPoolExecutor.java:1136)
	at java.base/java.util.concurrent.ThreadPoolExecutor$Worker.run(ThreadPoolExecutor.java:635)
	at java.base/java.lang.Thread.run(Thread.java:833)

Multiple projectIds are not recommended in single project mode. Requested project ID compendium-tester, but the emulator is configured for dev-complexity-compendium. To opt-out of single project mode add/set the '"singleProjectMode": false' property in the firebase.json emulators config.
Multiple projectIds are not recommended in single project mode. Requested project ID compendium-tester, but the emulator is configured for dev-complexity-compendium. To opt-out of single project mode add/set the '"singleProjectMode": false' property in the firebase.json emulators config.
Multiple projectIds are not recommended in single project mode. Requested project ID compendium-tester, but the emulator is configured for dev-complexity-compendium. To opt-out of single project mode add/set the '"singleProjectMode": false' property in the firebase.json emulators config.
Multiple projectIds are not recommended in single project mode. Requested project ID compendium-tester, but the emulator is configured for dev-complexity-compendium. To opt-out of single project mode add/set the '"singleProjectMode": false' property in the firebase.json emulators config.
Multiple projectIds are not recommended in single project mode. Requested project ID compendium-tester, but the emulator is configured for dev-complexity-compendium. To opt-out of single project mode add/set the '"singleProjectMode": false' property in the firebase.json emulators config.
Multiple projectIds are not recommended in single project mode. Requested project ID compendium-tester, but the emulator is configured for dev-complexity-compendium. To opt-out of single project mode add/set the '"singleProjectMode": false' property in the firebase.json emulators config.
Nov 14, 2023 6:44:00 AM com.google.cloud.datastore.emulator.impl.util.WrappedStreamObserver onError
WARNING: Operation failed: 
Unable to evaluate the expression as the maximum of 1000 expressions to evaluate has been reached. for 'update' @ L259, false for 'update' @ L259
com.google.cloud.datastore.core.exception.DatastoreException: 
Unable to evaluate the expression as the maximum of 1000 expressions to evaluate has been reached. for 'update' @ L259, false for 'update' @ L259
	at com.google.cloud.datastore.core.exception.DatastoreException$Builder.build(DatastoreException.java:120)
	at com.google.cloud.datastore.emulator.impl.rules.EmulatorRulesAuthorizer.verboseError(EmulatorRulesAuthorizer.java:321)
	at com.google.cloud.datastore.emulator.impl.rules.EmulatorRulesAuthorizer.withVerboseErrors(EmulatorRulesAuthorizer.java:298)
	at com.google.cloud.datastore.emulator.impl.rules.EmulatorRulesAuthorizer.checkCommit(EmulatorRulesAuthorizer.java:130)
	at com.google.cloud.datastore.emulator.impl.firestore.CloudFirestoreV1.commitHelper(CloudFirestoreV1.java:1045)
	at com.google.cloud.datastore.emulator.impl.firestore.CloudFirestoreV1.internalCommit(CloudFirestoreV1.java:955)
	at com.google.cloud.datastore.emulator.impl.firestore.CloudFirestoreV1.internalCommit(CloudFirestoreV1.java:942)
	at com.google.cloud.datastore.emulator.impl.firestore.CloudFirestoreV1.write(CloudFirestoreV1.java:930)
	at com.google.cloud.datastore.emulator.impl.firestore.CloudFirestoreV1WriteStream.handleRequest(CloudFirestoreV1WriteStream.java:210)
	at com.google.cloud.datastore.emulator.impl.firestore.CloudFirestoreV1WriteStream.write(CloudFirestoreV1WriteStream.java:138)
	at com.google.cloud.datastore.emulator.impl.firestore.CloudFirestoreV1WriteStream.onNext(CloudFirestoreV1WriteStream.java:93)
	at com.google.cloud.datastore.emulator.impl.firestore.CloudFirestoreV1WriteStream.onNext(CloudFirestoreV1WriteStream.java:26)
	at io.grpc.stub.ServerCalls$StreamingServerCallHandler$StreamingServerCallListener.onMessage(ServerCalls.java:262)
	at io.grpc.ForwardingServerCallListener.onMessage(ForwardingServerCallListener.java:33)
	at io.grpc.Contexts$ContextualizedServerCallListener.onMessage(Contexts.java:76)
	at io.grpc.ForwardingServerCallListener.onMessage(ForwardingServerCallListener.java:33)
	at io.grpc.Contexts$ContextualizedServerCallListener.onMessage(Contexts.java:76)
	at io.grpc.internal.ServerCallImpl$ServerStreamListenerImpl.messagesAvailableInternal(ServerCallImpl.java:324)
	at io.grpc.internal.ServerCallImpl$ServerStreamListenerImpl.messagesAvailable(ServerCallImpl.java:309)
	at io.grpc.internal.ServerImpl$JumpToApplicationThreadServerStreamListener$1MessagesAvailable.runInContext(ServerImpl.java:833)
	at io.grpc.internal.ContextRunnable.run(ContextRunnable.java:37)
	at io.grpc.internal.SerializingExecutor.run(SerializingExecutor.java:133)
	at java.base/java.util.concurrent.ThreadPoolExecutor.runWorker(ThreadPoolExecutor.java:1136)
	at java.base/java.util.concurrent.ThreadPoolExecutor$Worker.run(ThreadPoolExecutor.java:635)
	at java.base/java.lang.Thread.run(Thread.java:833)

Multiple projectIds are not recommended in single project mode. Requested project ID compendium-tester, but the emulator is configured for dev-complexity-compendium. To opt-out of single project mode add/set the '"singleProjectMode": false' property in the firebase.json emulators config.
Multiple projectIds are not recommended in single project mode. Requested project ID compendium-tester, but the emulator is configured for dev-complexity-compendium. To opt-out of single project mode add/set the '"singleProjectMode": false' property in the firebase.json emulators config.
Multiple projectIds are not recommended in single project mode. Requested project ID compendium-tester, but the emulator is configured for dev-complexity-compendium. To opt-out of single project mode add/set the '"singleProjectMode": false' property in the firebase.json emulators config.
Nov 14, 2023 6:44:00 AM com.google.cloud.datastore.emulator.impl.util.WrappedStreamObserver onError
WARNING: Operation failed: 
Unable to evaluate the expression as the maximum of 1000 expressions to evaluate has been reached. for 'update' @ L259, false for 'update' @ L259
com.google.cloud.datastore.core.exception.DatastoreException: 
Unable to evaluate the expression as the maximum of 1000 expressions to evaluate has been reached. for 'update' @ L259, false for 'update' @ L259
	at com.google.cloud.datastore.core.exception.DatastoreException$Builder.build(DatastoreException.java:120)
	at com.google.cloud.datastore.emulator.impl.rules.EmulatorRulesAuthorizer.verboseError(EmulatorRulesAuthorizer.java:321)
	at com.google.cloud.datastore.emulator.impl.rules.EmulatorRulesAuthorizer.withVerboseErrors(EmulatorRulesAuthorizer.java:298)
	at com.google.cloud.datastore.emulator.impl.rules.EmulatorRulesAuthorizer.checkCommit(EmulatorRulesAuthorizer.java:130)
	at com.google.cloud.datastore.emulator.impl.firestore.CloudFirestoreV1.commitHelper(CloudFirestoreV1.java:1045)
	at com.google.cloud.datastore.emulator.impl.firestore.CloudFirestoreV1.internalCommit(CloudFirestoreV1.java:955)
	at com.google.cloud.datastore.emulator.impl.firestore.CloudFirestoreV1.internalCommit(CloudFirestoreV1.java:942)
	at com.google.cloud.datastore.emulator.impl.firestore.CloudFirestoreV1.write(CloudFirestoreV1.java:930)
	at com.google.cloud.datastore.emulator.impl.firestore.CloudFirestoreV1WriteStream.handleRequest(CloudFirestoreV1WriteStream.java:210)
	at com.google.cloud.datastore.emulator.impl.firestore.CloudFirestoreV1WriteStream.write(CloudFirestoreV1WriteStream.java:138)
	at com.google.cloud.datastore.emulator.impl.firestore.CloudFirestoreV1WriteStream.onNext(CloudFirestoreV1WriteStream.java:93)
	at com.google.cloud.datastore.emulator.impl.firestore.CloudFirestoreV1WriteStream.onNext(CloudFirestoreV1WriteStream.java:26)
	at io.grpc.stub.ServerCalls$StreamingServerCallHandler$StreamingServerCallListener.onMessage(ServerCalls.java:262)
	at io.grpc.ForwardingServerCallListener.onMessage(ForwardingServerCallListener.java:33)
	at io.grpc.Contexts$ContextualizedServerCallListener.onMessage(Contexts.java:76)
	at io.grpc.ForwardingServerCallListener.onMessage(ForwardingServerCallListener.java:33)
	at io.grpc.Contexts$ContextualizedServerCallListener.onMessage(Contexts.java:76)
	at io.grpc.internal.ServerCallImpl$ServerStreamListenerImpl.messagesAvailableInternal(ServerCallImpl.java:324)
	at io.grpc.internal.ServerCallImpl$ServerStreamListenerImpl.messagesAvailable(ServerCallImpl.java:309)
	at io.grpc.internal.ServerImpl$JumpToApplicationThreadServerStreamListener$1MessagesAvailable.runInContext(ServerImpl.java:833)
	at io.grpc.internal.ContextRunnable.run(ContextRunnable.java:37)
	at io.grpc.internal.SerializingExecutor.run(SerializingExecutor.java:133)
	at java.base/java.util.concurrent.ThreadPoolExecutor.runWorker(ThreadPoolExecutor.java:1136)
	at java.base/java.util.concurrent.ThreadPoolExecutor$Worker.run(ThreadPoolExecutor.java:635)
	at java.base/java.lang.Thread.run(Thread.java:833)

Multiple projectIds are not recommended in single project mode. Requested project ID compendium-tester, but the emulator is configured for dev-complexity-compendium. To opt-out of single project mode add/set the '"singleProjectMode": false' property in the firebase.json emulators config.
Multiple projectIds are not recommended in single project mode. Requested project ID compendium-tester, but the emulator is configured for dev-complexity-compendium. To opt-out of single project mode add/set the '"singleProjectMode": false' property in the firebase.json emulators config.
Multiple projectIds are not recommended in single project mode. Requested project ID compendium-tester, but the emulator is configured for dev-complexity-compendium. To opt-out of single project mode add/set the '"singleProjectMode": false' property in the firebase.json emulators config.
Nov 14, 2023 6:44:00 AM com.google.cloud.datastore.emulator.impl.util.WrappedStreamObserver onError
WARNING: Operation failed: 
Unable to evaluate the expression as the maximum of 1000 expressions to evaluate has been reached. for 'update' @ L259, false for 'update' @ L259
com.google.cloud.datastore.core.exception.DatastoreException: 
Unable to evaluate the expression as the maximum of 1000 expressions to evaluate has been reached. for 'update' @ L259, false for 'update' @ L259
	at com.google.cloud.datastore.core.exception.DatastoreException$Builder.build(DatastoreException.java:120)
	at com.google.cloud.datastore.emulator.impl.rules.EmulatorRulesAuthorizer.verboseError(EmulatorRulesAuthorizer.java:321)
	at com.google.cloud.datastore.emulator.impl.rules.EmulatorRulesAuthorizer.withVerboseErrors(EmulatorRulesAuthorizer.java:298)
	at com.google.cloud.datastore.emulator.impl.rules.EmulatorRulesAuthorizer.checkCommit(EmulatorRulesAuthorizer.java:130)
	at com.google.cloud.datastore.emulator.impl.firestore.CloudFirestoreV1.commitHelper(CloudFirestoreV1.java:1045)
	at com.google.cloud.datastore.emulator.impl.firestore.CloudFirestoreV1.internalCommit(CloudFirestoreV1.java:955)
	at com.google.cloud.datastore.emulator.impl.firestore.CloudFirestoreV1.internalCommit(CloudFirestoreV1.java:942)
	at com.google.cloud.datastore.emulator.impl.firestore.CloudFirestoreV1.write(CloudFirestoreV1.java:930)
	at com.google.cloud.datastore.emulator.impl.firestore.CloudFirestoreV1WriteStream.handleRequest(CloudFirestoreV1WriteStream.java:210)
	at com.google.cloud.datastore.emulator.impl.firestore.CloudFirestoreV1WriteStream.write(CloudFirestoreV1WriteStream.java:138)
	at com.google.cloud.datastore.emulator.impl.firestore.CloudFirestoreV1WriteStream.onNext(CloudFirestoreV1WriteStream.java:93)
	at com.google.cloud.datastore.emulator.impl.firestore.CloudFirestoreV1WriteStream.onNext(CloudFirestoreV1WriteStream.java:26)
	at io.grpc.stub.ServerCalls$StreamingServerCallHandler$StreamingServerCallListener.onMessage(ServerCalls.java:262)
	at io.grpc.ForwardingServerCallListener.onMessage(ForwardingServerCallListener.java:33)
	at io.grpc.Contexts$ContextualizedServerCallListener.onMessage(Contexts.java:76)
	at io.grpc.ForwardingServerCallListener.onMessage(ForwardingServerCallListener.java:33)
	at io.grpc.Contexts$ContextualizedServerCallListener.onMessage(Contexts.java:76)
	at io.grpc.internal.ServerCallImpl$ServerStreamListenerImpl.messagesAvailableInternal(ServerCallImpl.java:324)
	at io.grpc.internal.ServerCallImpl$ServerStreamListenerImpl.messagesAvailable(ServerCallImpl.java:309)
	at io.grpc.internal.ServerImpl$JumpToApplicationThreadServerStreamListener$1MessagesAvailable.runInContext(ServerImpl.java:833)
	at io.grpc.internal.ContextRunnable.run(ContextRunnable.java:37)
	at io.grpc.internal.SerializingExecutor.run(SerializingExecutor.java:133)
	at java.base/java.util.concurrent.ThreadPoolExecutor.runWorker(ThreadPoolExecutor.java:1136)
	at java.base/java.util.concurrent.ThreadPoolExecutor$Worker.run(ThreadPoolExecutor.java:635)
	at java.base/java.lang.Thread.run(Thread.java:833)

Multiple projectIds are not recommended in single project mode. Requested project ID compendium-tester, but the emulator is configured for dev-complexity-compendium. To opt-out of single project mode add/set the '"singleProjectMode": false' property in the firebase.json emulators config.
Multiple projectIds are not recommended in single project mode. Requested project ID compendium-tester, but the emulator is configured for dev-complexity-compendium. To opt-out of single project mode add/set the '"singleProjectMode": false' property in the firebase.json emulators config.
Multiple projectIds are not recommended in single project mode. Requested project ID compendium-tester, but the emulator is configured for dev-complexity-compendium. To opt-out of single project mode add/set the '"singleProjectMode": false' property in the firebase.json emulators config.
Nov 14, 2023 6:44:00 AM com.google.cloud.datastore.emulator.impl.util.WrappedStreamObserver onError
WARNING: Operation failed: 
Unable to evaluate the expression as the maximum of 1000 expressions to evaluate has been reached. for 'update' @ L259, false for 'update' @ L259
com.google.cloud.datastore.core.exception.DatastoreException: 
Unable to evaluate the expression as the maximum of 1000 expressions to evaluate has been reached. for 'update' @ L259, false for 'update' @ L259
	at com.google.cloud.datastore.core.exception.DatastoreException$Builder.build(DatastoreException.java:120)
	at com.google.cloud.datastore.emulator.impl.rules.EmulatorRulesAuthorizer.verboseError(EmulatorRulesAuthorizer.java:321)
	at com.google.cloud.datastore.emulator.impl.rules.EmulatorRulesAuthorizer.withVerboseErrors(EmulatorRulesAuthorizer.java:298)
	at com.google.cloud.datastore.emulator.impl.rules.EmulatorRulesAuthorizer.checkCommit(EmulatorRulesAuthorizer.java:130)
	at com.google.cloud.datastore.emulator.impl.firestore.CloudFirestoreV1.commitHelper(CloudFirestoreV1.java:1045)
	at com.google.cloud.datastore.emulator.impl.firestore.CloudFirestoreV1.internalCommit(CloudFirestoreV1.java:955)
	at com.google.cloud.datastore.emulator.impl.firestore.CloudFirestoreV1.internalCommit(CloudFirestoreV1.java:942)
	at com.google.cloud.datastore.emulator.impl.firestore.CloudFirestoreV1.write(CloudFirestoreV1.java:930)
	at com.google.cloud.datastore.emulator.impl.firestore.CloudFirestoreV1WriteStream.handleRequest(CloudFirestoreV1WriteStream.java:210)
	at com.google.cloud.datastore.emulator.impl.firestore.CloudFirestoreV1WriteStream.write(CloudFirestoreV1WriteStream.java:138)
	at com.google.cloud.datastore.emulator.impl.firestore.CloudFirestoreV1WriteStream.onNext(CloudFirestoreV1WriteStream.java:93)
	at com.google.cloud.datastore.emulator.impl.firestore.CloudFirestoreV1WriteStream.onNext(CloudFirestoreV1WriteStream.java:26)
	at io.grpc.stub.ServerCalls$StreamingServerCallHandler$StreamingServerCallListener.onMessage(ServerCalls.java:262)
	at io.grpc.ForwardingServerCallListener.onMessage(ForwardingServerCallListener.java:33)
	at io.grpc.Contexts$ContextualizedServerCallListener.onMessage(Contexts.java:76)
	at io.grpc.ForwardingServerCallListener.onMessage(ForwardingServerCallListener.java:33)
	at io.grpc.Contexts$ContextualizedServerCallListener.onMessage(Contexts.java:76)
	at io.grpc.internal.ServerCallImpl$ServerStreamListenerImpl.messagesAvailableInternal(ServerCallImpl.java:324)
	at io.grpc.internal.ServerCallImpl$ServerStreamListenerImpl.messagesAvailable(ServerCallImpl.java:309)
	at io.grpc.internal.ServerImpl$JumpToApplicationThreadServerStreamListener$1MessagesAvailable.runInContext(ServerImpl.java:833)
	at io.grpc.internal.ContextRunnable.run(ContextRunnable.java:37)
	at io.grpc.internal.SerializingExecutor.run(SerializingExecutor.java:133)
	at java.base/java.util.concurrent.ThreadPoolExecutor.runWorker(ThreadPoolExecutor.java:1136)
	at java.base/java.util.concurrent.ThreadPoolExecutor$Worker.run(ThreadPoolExecutor.java:635)
	at java.base/java.lang.Thread.run(Thread.java:833)

Multiple projectIds are not recommended in single project mode. Requested project ID compendium-tester, but the emulator is configured for dev-complexity-compendium. To opt-out of single project mode add/set the '"singleProjectMode": false' property in the firebase.json emulators config.
Multiple projectIds are not recommended in single project mode. Requested project ID compendium-tester, but the emulator is configured for dev-complexity-compendium. To opt-out of single project mode add/set the '"singleProjectMode": false' property in the firebase.json emulators config.
Multiple projectIds are not recommended in single project mode. Requested project ID compendium-tester, but the emulator is configured for dev-complexity-compendium. To opt-out of single project mode add/set the '"singleProjectMode": false' property in the firebase.json emulators config.
Multiple projectIds are not recommended in single project mode. Requested project ID compendium-tester, but the emulator is configured for dev-complexity-compendium. To opt-out of single project mode add/set the '"singleProjectMode": false' property in the firebase.json emulators config.
Multiple projectIds are not recommended in single project mode. Requested project ID compendium-tester, but the emulator is configured for dev-complexity-compendium. To opt-out of single project mode add/set the '"singleProjectMode": false' property in the firebase.json emulators config.
Multiple projectIds are not recommended in single project mode. Requested project ID compendium-tester, but the emulator is configured for dev-complexity-compendium. To opt-out of single project mode add/set the '"singleProjectMode": false' property in the firebase.json emulators config.
Multiple projectIds are not recommended in single project mode. Requested project ID compendium-tester, but the emulator is configured for dev-complexity-compendium. To opt-out of single project mode add/set the '"singleProjectMode": false' property in the firebase.json emulators config.
Multiple projectIds are not recommended in single project mode. Requested project ID compendium-tester, but the emulator is configured for dev-complexity-compendium. To opt-out of single project mode add/set the '"singleProjectMode": false' property in the firebase.json emulators config.
Multiple projectIds are not recommended in single project mode. Requested project ID compendium-tester, but the emulator is configured for dev-complexity-compendium. To opt-out of single project mode add/set the '"singleProjectMode": false' property in the firebase.json emulators config.
Multiple projectIds are not recommended in single project mode. Requested project ID compendium-tester, but the emulator is configured for dev-complexity-compendium. To opt-out of single project mode add/set the '"singleProjectMode": false' property in the firebase.json emulators config.
Multiple projectIds are not recommended in single project mode. Requested project ID compendium-tester, but the emulator is configured for dev-complexity-compendium. To opt-out of single project mode add/set the '"singleProjectMode": false' property in the firebase.json emulators config.
Multiple projectIds are not recommended in single project mode. Requested project ID compendium-tester, but the emulator is configured for dev-complexity-compendium. To opt-out of single project mode add/set the '"singleProjectMode": false' property in the firebase.json emulators config.
Multiple projectIds are not recommended in single project mode. Requested project ID compendium-tester, but the emulator is configured for dev-complexity-compendium. To opt-out of single project mode add/set the '"singleProjectMode": false' property in the firebase.json emulators config.
Multiple projectIds are not recommended in single project mode. Requested project ID compendium-tester, but the emulator is configured for dev-complexity-compendium. To opt-out of single project mode add/set the '"singleProjectMode": false' property in the firebase.json emulators config.
Multiple projectIds are not recommended in single project mode. Requested project ID compendium-tester, but the emulator is configured for dev-complexity-compendium. To opt-out of single project mode add/set the '"singleProjectMode": false' property in the firebase.json emulators config.
Multiple projectIds are not recommended in single project mode. Requested project ID compendium-tester, but the emulator is configured for dev-complexity-compendium. To opt-out of single project mode add/set the '"singleProjectMode": false' property in the firebase.json emulators config.
Multiple projectIds are not recommended in single project mode. Requested project ID compendium-tester, but the emulator is configured for dev-complexity-compendium. To opt-out of single project mode add/set the '"singleProjectMode": false' property in the firebase.json emulators config.
Multiple projectIds are not recommended in single project mode. Requested project ID compendium-tester, but the emulator is configured for dev-complexity-compendium. To opt-out of single project mode add/set the '"singleProjectMode": false' property in the firebase.json emulators config.
Multiple projectIds are not recommended in single project mode. Requested project ID compendium-tester, but the emulator is configured for dev-complexity-compendium. To opt-out of single project mode add/set the '"singleProjectMode": false' property in the firebase.json emulators config.
Multiple projectIds are not recommended in single project mode. Requested project ID compendium-tester, but the emulator is configured for dev-complexity-compendium. To opt-out of single project mode add/set the '"singleProjectMode": false' property in the firebase.json emulators config.
Multiple projectIds are not recommended in single project mode. Requested project ID compendium-tester, but the emulator is configured for dev-complexity-compendium. To opt-out of single project mode add/set the '"singleProjectMode": false' property in the firebase.json emulators config.
Multiple projectIds are not recommended in single project mode. Requested project ID compendium-tester, but the emulator is configured for dev-complexity-compendium. To opt-out of single project mode add/set the '"singleProjectMode": false' property in the firebase.json emulators config.
Multiple projectIds are not recommended in single project mode. Requested project ID compendium-tester, but the emulator is configured for dev-complexity-compendium. To opt-out of single project mode add/set the '"singleProjectMode": false' property in the firebase.json emulators config.
Multiple projectIds are not recommended in single project mode. Requested project ID compendium-tester, but the emulator is configured for dev-complexity-compendium. To opt-out of single project mode add/set the '"singleProjectMode": false' property in the firebase.json emulators config.
Multiple projectIds are not recommended in single project mode. Requested project ID compendium-tester, but the emulator is configured for dev-complexity-compendium. To opt-out of single project mode add/set the '"singleProjectMode": false' property in the firebase.json emulators config.
Multiple projectIds are not recommended in single project mode. Requested project ID compendium-tester, but the emulator is configured for dev-complexity-compendium. To opt-out of single project mode add/set the '"singleProjectMode": false' property in the firebase.json emulators config.
Multiple projectIds are not recommended in single project mode. Requested project ID compendium-tester, but the emulator is configured for dev-complexity-compendium. To opt-out of single project mode add/set the '"singleProjectMode": false' property in the firebase.json emulators config.
Multiple projectIds are not recommended in single project mode. Requested project ID compendium-tester, but the emulator is configured for dev-complexity-compendium. To opt-out of single project mode add/set the '"singleProjectMode": false' property in the firebase.json emulators config.
Multiple projectIds are not recommended in single project mode. Requested project ID compendium-tester, but the emulator is configured for dev-complexity-compendium. To opt-out of single project mode add/set the '"singleProjectMode": false' property in the firebase.json emulators config.
Multiple projectIds are not recommended in single project mode. Requested project ID compendium-tester, but the emulator is configured for dev-complexity-compendium. To opt-out of single project mode add/set the '"singleProjectMode": false' property in the firebase.json emulators config.
Multiple projectIds are not recommended in single project mode. Requested project ID compendium-tester, but the emulator is configured for dev-complexity-compendium. To opt-out of single project mode add/set the '"singleProjectMode": false' property in the firebase.json emulators config.
Multiple projectIds are not recommended in single project mode. Requested project ID compendium-tester, but the emulator is configured for dev-complexity-compendium. To opt-out of single project mode add/set the '"singleProjectMode": false' property in the firebase.json emulators config.
Multiple projectIds are not recommended in single project mode. Requested project ID compendium-tester, but the emulator is configured for dev-complexity-compendium. To opt-out of single project mode add/set the '"singleProjectMode": false' property in the firebase.json emulators config.
Multiple projectIds are not recommended in single project mode. Requested project ID compendium-tester, but the emulator is configured for dev-complexity-compendium. To opt-out of single project mode add/set the '"singleProjectMode": false' property in the firebase.json emulators config.
Multiple projectIds are not recommended in single project mode. Requested project ID compendium-tester, but the emulator is configured for dev-complexity-compendium. To opt-out of single project mode add/set the '"singleProjectMode": false' property in the firebase.json emulators config.
Multiple projectIds are not recommended in single project mode. Requested project ID compendium-tester, but the emulator is configured for dev-complexity-compendium. To opt-out of single project mode add/set the '"singleProjectMode": false' property in the firebase.json emulators config.
Multiple projectIds are not recommended in single project mode. Requested project ID compendium-tester, but the emulator is configured for dev-complexity-compendium. To opt-out of single project mode add/set the '"singleProjectMode": false' property in the firebase.json emulators config.
Multiple projectIds are not recommended in single project mode. Requested project ID compendium-tester, but the emulator is configured for dev-complexity-compendium. To opt-out of single project mode add/set the '"singleProjectMode": false' property in the firebase.json emulators config.
Multiple projectIds are not recommended in single project mode. Requested project ID compendium-tester, but the emulator is configured for dev-complexity-compendium. To opt-out of single project mode add/set the '"singleProjectMode": false' property in the firebase.json emulators config.
Multiple projectIds are not recommended in single project mode. Requested project ID compendium-tester, but the emulator is configured for dev-complexity-compendium. To opt-out of single project mode add/set the '"singleProjectMode": false' property in the firebase.json emulators config.
Multiple projectIds are not recommended in single project mode. Requested project ID compendium-tester, but the emulator is configured for dev-complexity-compendium. To opt-out of single project mode add/set the '"singleProjectMode": false' property in the firebase.json emulators config.
Multiple projectIds are not recommended in single project mode. Requested project ID compendium-tester, but the emulator is configured for dev-complexity-compendium. To opt-out of single project mode add/set the '"singleProjectMode": false' property in the firebase.json emulators config.
Multiple projectIds are not recommended in single project mode. Requested project ID compendium-tester, but the emulator is configured for dev-complexity-compendium. To opt-out of single project mode add/set the '"singleProjectMode": false' property in the firebase.json emulators config.
Nov 14, 2023 6:44:01 AM com.google.cloud.datastore.emulator.impl.util.WrappedStreamObserver onError
WARNING: Operation failed: 
evaluation error at L264:31 for 'create' @ L264, evaluation error at L264:31 for 'update' @ L264, false for 'create' @ L264
com.google.cloud.datastore.core.exception.DatastoreException: 
evaluation error at L264:31 for 'create' @ L264, evaluation error at L264:31 for 'update' @ L264, false for 'create' @ L264
	at com.google.cloud.datastore.core.exception.DatastoreException$Builder.build(DatastoreException.java:120)
	at com.google.cloud.datastore.emulator.impl.rules.EmulatorRulesAuthorizer.verboseError(EmulatorRulesAuthorizer.java:321)
	at com.google.cloud.datastore.emulator.impl.rules.EmulatorRulesAuthorizer.withVerboseErrors(EmulatorRulesAuthorizer.java:298)
	at com.google.cloud.datastore.emulator.impl.rules.EmulatorRulesAuthorizer.checkCommit(EmulatorRulesAuthorizer.java:130)
	at com.google.cloud.datastore.emulator.impl.firestore.CloudFirestoreV1.commitHelper(CloudFirestoreV1.java:1045)
	at com.google.cloud.datastore.emulator.impl.firestore.CloudFirestoreV1.internalCommit(CloudFirestoreV1.java:955)
	at com.google.cloud.datastore.emulator.impl.firestore.CloudFirestoreV1.internalCommit(CloudFirestoreV1.java:942)
	at com.google.cloud.datastore.emulator.impl.firestore.CloudFirestoreV1.write(CloudFirestoreV1.java:930)
	at com.google.cloud.datastore.emulator.impl.firestore.CloudFirestoreV1WriteStream.handleRequest(CloudFirestoreV1WriteStream.java:210)
	at com.google.cloud.datastore.emulator.impl.firestore.CloudFirestoreV1WriteStream.write(CloudFirestoreV1WriteStream.java:138)
	at com.google.cloud.datastore.emulator.impl.firestore.CloudFirestoreV1WriteStream.onNext(CloudFirestoreV1WriteStream.java:93)
	at com.google.cloud.datastore.emulator.impl.firestore.CloudFirestoreV1WriteStream.onNext(CloudFirestoreV1WriteStream.java:26)
	at io.grpc.stub.ServerCalls$StreamingServerCallHandler$StreamingServerCallListener.onMessage(ServerCalls.java:262)
	at io.grpc.ForwardingServerCallListener.onMessage(ForwardingServerCallListener.java:33)
	at io.grpc.Contexts$ContextualizedServerCallListener.onMessage(Contexts.java:76)
	at io.grpc.ForwardingServerCallListener.onMessage(ForwardingServerCallListener.java:33)
	at io.grpc.Contexts$ContextualizedServerCallListener.onMessage(Contexts.java:76)
	at io.grpc.internal.ServerCallImpl$ServerStreamListenerImpl.messagesAvailableInternal(ServerCallImpl.java:324)
	at io.grpc.internal.ServerCallImpl$ServerStreamListenerImpl.messagesAvailable(ServerCallImpl.java:309)
	at io.grpc.internal.ServerImpl$JumpToApplicationThreadServerStreamListener$1MessagesAvailable.runInContext(ServerImpl.java:833)
	at io.grpc.internal.ContextRunnable.run(ContextRunnable.java:37)
	at io.grpc.internal.SerializingExecutor.run(SerializingExecutor.java:133)
	at java.base/java.util.concurrent.ThreadPoolExecutor.runWorker(ThreadPoolExecutor.java:1136)
	at java.base/java.util.concurrent.ThreadPoolExecutor$Worker.run(ThreadPoolExecutor.java:635)
	at java.base/java.lang.Thread.run(Thread.java:833)

Multiple projectIds are not recommended in single project mode. Requested project ID compendium-tester, but the emulator is configured for dev-complexity-compendium. To opt-out of single project mode add/set the '"singleProjectMode": false' property in the firebase.json emulators config.
Multiple projectIds are not recommended in single project mode. Requested project ID compendium-tester, but the emulator is configured for dev-complexity-compendium. To opt-out of single project mode add/set the '"singleProjectMode": false' property in the firebase.json emulators config.
Multiple projectIds are not recommended in single project mode. Requested project ID compendium-tester, but the emulator is configured for dev-complexity-compendium. To opt-out of single project mode add/set the '"singleProjectMode": false' property in the firebase.json emulators config.
Multiple projectIds are not recommended in single project mode. Requested project ID compendium-tester, but the emulator is configured for dev-complexity-compendium. To opt-out of single project mode add/set the '"singleProjectMode": false' property in the firebase.json emulators config.
Multiple projectIds are not recommended in single project mode. Requested project ID compendium-tester, but the emulator is configured for dev-complexity-compendium. To opt-out of single project mode add/set the '"singleProjectMode": false' property in the firebase.json emulators config.
Multiple projectIds are not recommended in single project mode. Requested project ID compendium-tester, but the emulator is configured for dev-complexity-compendium. To opt-out of single project mode add/set the '"singleProjectMode": false' property in the firebase.json emulators config.
Multiple projectIds are not recommended in single project mode. Requested project ID compendium-tester, but the emulator is configured for dev-complexity-compendium. To opt-out of single project mode add/set the '"singleProjectMode": false' property in the firebase.json emulators config.
Multiple projectIds are not recommended in single project mode. Requested project ID compendium-tester, but the emulator is configured for dev-complexity-compendium. To opt-out of single project mode add/set the '"singleProjectMode": false' property in the firebase.json emulators config.
Multiple projectIds are not recommended in single project mode. Requested project ID compendium-tester, but the emulator is configured for dev-complexity-compendium. To opt-out of single project mode add/set the '"singleProjectMode": false' property in the firebase.json emulators config.
Multiple projectIds are not recommended in single project mode. Requested project ID compendium-tester, but the emulator is configured for dev-complexity-compendium. To opt-out of single project mode add/set the '"singleProjectMode": false' property in the firebase.json emulators config.
Multiple projectIds are not recommended in single project mode. Requested project ID compendium-tester, but the emulator is configured for dev-complexity-compendium. To opt-out of single project mode add/set the '"singleProjectMode": false' property in the firebase.json emulators config.
Multiple projectIds are not recommended in single project mode. Requested project ID compendium-tester, but the emulator is configured for dev-complexity-compendium. To opt-out of single project mode add/set the '"singleProjectMode": false' property in the firebase.json emulators config.
Multiple projectIds are not recommended in single project mode. Requested project ID compendium-tester, but the emulator is configured for dev-complexity-compendium. To opt-out of single project mode add/set the '"singleProjectMode": false' property in the firebase.json emulators config.
Multiple projectIds are not recommended in single project mode. Requested project ID compendium-tester, but the emulator is configured for dev-complexity-compendium. To opt-out of single project mode add/set the '"singleProjectMode": false' property in the firebase.json emulators config.
Multiple projectIds are not recommended in single project mode. Requested project ID compendium-tester, but the emulator is configured for dev-complexity-compendium. To opt-out of single project mode add/set the '"singleProjectMode": false' property in the firebase.json emulators config.
Multiple projectIds are not recommended in single project mode. Requested project ID compendium-tester, but the emulator is configured for dev-complexity-compendium. To opt-out of single project mode add/set the '"singleProjectMode": false' property in the firebase.json emulators config.
Nov 14, 2023 6:44:01 AM com.google.cloud.datastore.emulator.impl.util.WrappedStreamObserver onError
WARNING: Operation failed: 
evaluation error at L230:23 for 'create' @ L230, evaluation error at L230:23 for 'update' @ L230, false for 'update' @ L230
com.google.cloud.datastore.core.exception.DatastoreException: 
evaluation error at L230:23 for 'create' @ L230, evaluation error at L230:23 for 'update' @ L230, false for 'update' @ L230
	at com.google.cloud.datastore.core.exception.DatastoreException$Builder.build(DatastoreException.java:120)
	at com.google.cloud.datastore.emulator.impl.rules.EmulatorRulesAuthorizer.verboseError(EmulatorRulesAuthorizer.java:321)
	at com.google.cloud.datastore.emulator.impl.rules.EmulatorRulesAuthorizer.withVerboseErrors(EmulatorRulesAuthorizer.java:298)
	at com.google.cloud.datastore.emulator.impl.rules.EmulatorRulesAuthorizer.checkCommit(EmulatorRulesAuthorizer.java:130)
	at com.google.cloud.datastore.emulator.impl.firestore.CloudFirestoreV1.commitHelper(CloudFirestoreV1.java:1045)
	at com.google.cloud.datastore.emulator.impl.firestore.CloudFirestoreV1.internalCommit(CloudFirestoreV1.java:955)
	at com.google.cloud.datastore.emulator.impl.firestore.CloudFirestoreV1.internalCommit(CloudFirestoreV1.java:942)
	at com.google.cloud.datastore.emulator.impl.firestore.CloudFirestoreV1.write(CloudFirestoreV1.java:930)
	at com.google.cloud.datastore.emulator.impl.firestore.CloudFirestoreV1WriteStream.handleRequest(CloudFirestoreV1WriteStream.java:210)
	at com.google.cloud.datastore.emulator.impl.firestore.CloudFirestoreV1WriteStream.write(CloudFirestoreV1WriteStream.java:138)
	at com.google.cloud.datastore.emulator.impl.firestore.CloudFirestoreV1WriteStream.onNext(CloudFirestoreV1WriteStream.java:93)
	at com.google.cloud.datastore.emulator.impl.firestore.CloudFirestoreV1WriteStream.onNext(CloudFirestoreV1WriteStream.java:26)
	at io.grpc.stub.ServerCalls$StreamingServerCallHandler$StreamingServerCallListener.onMessage(ServerCalls.java:262)
	at io.grpc.ForwardingServerCallListener.onMessage(ForwardingServerCallListener.java:33)
	at io.grpc.Contexts$ContextualizedServerCallListener.onMessage(Contexts.java:76)
	at io.grpc.ForwardingServerCallListener.onMessage(ForwardingServerCallListener.java:33)
	at io.grpc.Contexts$ContextualizedServerCallListener.onMessage(Contexts.java:76)
	at io.grpc.internal.ServerCallImpl$ServerStreamListenerImpl.messagesAvailableInternal(ServerCallImpl.java:324)
	at io.grpc.internal.ServerCallImpl$ServerStreamListenerImpl.messagesAvailable(ServerCallImpl.java:309)
	at io.grpc.internal.ServerImpl$JumpToApplicationThreadServerStreamListener$1MessagesAvailable.runInContext(ServerImpl.java:833)
	at io.grpc.internal.ContextRunnable.run(ContextRunnable.java:37)
	at io.grpc.internal.SerializingExecutor.run(SerializingExecutor.java:133)
	at java.base/java.util.concurrent.ThreadPoolExecutor.runWorker(ThreadPoolExecutor.java:1136)
	at java.base/java.util.concurrent.ThreadPoolExecutor$Worker.run(ThreadPoolExecutor.java:635)
	at java.base/java.lang.Thread.run(Thread.java:833)

Multiple projectIds are not recommended in single project mode. Requested project ID compendium-tester, but the emulator is configured for dev-complexity-compendium. To opt-out of single project mode add/set the '"singleProjectMode": false' property in the firebase.json emulators config.
Multiple projectIds are not recommended in single project mode. Requested project ID compendium-tester, but the emulator is configured for dev-complexity-compendium. To opt-out of single project mode add/set the '"singleProjectMode": false' property in the firebase.json emulators config.
Multiple projectIds are not recommended in single project mode. Requested project ID compendium-tester, but the emulator is configured for dev-complexity-compendium. To opt-out of single project mode add/set the '"singleProjectMode": false' property in the firebase.json emulators config.
Multiple projectIds are not recommended in single project mode. Requested project ID compendium-tester, but the emulator is configured for dev-complexity-compendium. To opt-out of single project mode add/set the '"singleProjectMode": false' property in the firebase.json emulators config.
Multiple projectIds are not recommended in single project mode. Requested project ID compendium-tester, but the emulator is configured for dev-complexity-compendium. To opt-out of single project mode add/set the '"singleProjectMode": false' property in the firebase.json emulators config.
Multiple projectIds are not recommended in single project mode. Requested project ID compendium-tester, but the emulator is configured for dev-complexity-compendium. To opt-out of single project mode add/set the '"singleProjectMode": false' property in the firebase.json emulators config.
Multiple projectIds are not recommended in single project mode. Requested project ID compendium-tester, but the emulator is configured for dev-complexity-compendium. To opt-out of single project mode add/set the '"singleProjectMode": false' property in the firebase.json emulators config.
Multiple projectIds are not recommended in single project mode. Requested project ID compendium-tester, but the emulator is configured for dev-complexity-compendium. To opt-out of single project mode add/set the '"singleProjectMode": false' property in the firebase.json emulators config.
Multiple projectIds are not recommended in single project mode. Requested project ID compendium-tester, but the emulator is configured for dev-complexity-compendium. To opt-out of single project mode add/set the '"singleProjectMode": false' property in the firebase.json emulators config.
Multiple projectIds are not recommended in single project mode. Requested project ID compendium-tester, but the emulator is configured for dev-complexity-compendium. To opt-out of single project mode add/set the '"singleProjectMode": false' property in the firebase.json emulators config.
Multiple projectIds are not recommended in single project mode. Requested project ID compendium-tester, but the emulator is configured for dev-complexity-compendium. To opt-out of single project mode add/set the '"singleProjectMode": false' property in the firebase.json emulators config.
Multiple projectIds are not recommended in single project mode. Requested project ID compendium-tester, but the emulator is configured for dev-complexity-compendium. To opt-out of single project mode add/set the '"singleProjectMode": false' property in the firebase.json emulators config.
Multiple projectIds are not recommended in single project mode. Requested project ID compendium-tester, but the emulator is configured for dev-complexity-compendium. To opt-out of single project mode add/set the '"singleProjectMode": false' property in the firebase.json emulators config.
Multiple projectIds are not recommended in single project mode. Requested project ID compendium-tester, but the emulator is configured for dev-complexity-compendium. To opt-out of single project mode add/set the '"singleProjectMode": false' property in the firebase.json emulators config.
Multiple projectIds are not recommended in single project mode. Requested project ID compendium-tester, but the emulator is configured for dev-complexity-compendium. To opt-out of single project mode add/set the '"singleProjectMode": false' property in the firebase.json emulators config.
Multiple projectIds are not recommended in single project mode. Requested project ID compendium-tester, but the emulator is configured for dev-complexity-compendium. To opt-out of single project mode add/set the '"singleProjectMode": false' property in the firebase.json emulators config.
Multiple projectIds are not recommended in single project mode. Requested project ID compendium-tester, but the emulator is configured for dev-complexity-compendium. To opt-out of single project mode add/set the '"singleProjectMode": false' property in the firebase.json emulators config.
Multiple projectIds are not recommended in single project mode. Requested project ID compendium-tester, but the emulator is configured for dev-complexity-compendium. To opt-out of single project mode add/set the '"singleProjectMode": false' property in the firebase.json emulators config.
Multiple projectIds are not recommended in single project mode. Requested project ID compendium-tester, but the emulator is configured for dev-complexity-compendium. To opt-out of single project mode add/set the '"singleProjectMode": false' property in the firebase.json emulators config.
Multiple projectIds are not recommended in single project mode. Requested project ID compendium-tester, but the emulator is configured for dev-complexity-compendium. To opt-out of single project mode add/set the '"singleProjectMode": false' property in the firebase.json emulators config.
Multiple projectIds are not recommended in single project mode. Requested project ID compendium-tester, but the emulator is configured for dev-complexity-compendium. To opt-out of single project mode add/set the '"singleProjectMode": false' property in the firebase.json emulators config.
Multiple projectIds are not recommended in single project mode. Requested project ID compendium-tester, but the emulator is configured for dev-complexity-compendium. To opt-out of single project mode add/set the '"singleProjectMode": false' property in the firebase.json emulators config.
Multiple projectIds are not recommended in single project mode. Requested project ID compendium-tester, but the emulator is configured for dev-complexity-compendium. To opt-out of single project mode add/set the '"singleProjectMode": false' property in the firebase.json emulators config.
Multiple projectIds are not recommended in single project mode. Requested project ID compendium-tester, but the emulator is configured for dev-complexity-compendium. To opt-out of single project mode add/set the '"singleProjectMode": false' property in the firebase.json emulators config.
Multiple projectIds are not recommended in single project mode. Requested project ID compendium-tester, but the emulator is configured for dev-complexity-compendium. To opt-out of single project mode add/set the '"singleProjectMode": false' property in the firebase.json emulators config.
Multiple projectIds are not recommended in single project mode. Requested project ID compendium-tester, but the emulator is configured for dev-complexity-compendium. To opt-out of single project mode add/set the '"singleProjectMode": false' property in the firebase.json emulators config.
Multiple projectIds are not recommended in single project mode. Requested project ID compendium-tester, but the emulator is configured for dev-complexity-compendium. To opt-out of single project mode add/set the '"singleProjectMode": false' property in the firebase.json emulators config.
Multiple projectIds are not recommended in single project mode. Requested project ID compendium-tester, but the emulator is configured for dev-complexity-compendium. To opt-out of single project mode add/set the '"singleProjectMode": false' property in the firebase.json emulators config.
Multiple projectIds are not recommended in single project mode. Requested project ID compendium-tester, but the emulator is configured for dev-complexity-compendium. To opt-out of single project mode add/set the '"singleProjectMode": false' property in the firebase.json emulators config.
Nov 14, 2023 6:44:01 AM com.google.cloud.datastore.emulator.impl.util.WrappedStreamObserver onError
WARNING: Operation failed: 
evaluation error at L221:23 for 'create' @ L221, evaluation error at L221:23 for 'update' @ L221, false for 'update' @ L221
com.google.cloud.datastore.core.exception.DatastoreException: 
evaluation error at L221:23 for 'create' @ L221, evaluation error at L221:23 for 'update' @ L221, false for 'update' @ L221
	at com.google.cloud.datastore.core.exception.DatastoreException$Builder.build(DatastoreException.java:120)
	at com.google.cloud.datastore.emulator.impl.rules.EmulatorRulesAuthorizer.verboseError(EmulatorRulesAuthorizer.java:321)
	at com.google.cloud.datastore.emulator.impl.rules.EmulatorRulesAuthorizer.withVerboseErrors(EmulatorRulesAuthorizer.java:298)
	at com.google.cloud.datastore.emulator.impl.rules.EmulatorRulesAuthorizer.checkCommit(EmulatorRulesAuthorizer.java:130)
	at com.google.cloud.datastore.emulator.impl.firestore.CloudFirestoreV1.commitHelper(CloudFirestoreV1.java:1045)
	at com.google.cloud.datastore.emulator.impl.firestore.CloudFirestoreV1.internalCommit(CloudFirestoreV1.java:955)
	at com.google.cloud.datastore.emulator.impl.firestore.CloudFirestoreV1.internalCommit(CloudFirestoreV1.java:942)
	at com.google.cloud.datastore.emulator.impl.firestore.CloudFirestoreV1.write(CloudFirestoreV1.java:930)
	at com.google.cloud.datastore.emulator.impl.firestore.CloudFirestoreV1WriteStream.handleRequest(CloudFirestoreV1WriteStream.java:210)
	at com.google.cloud.datastore.emulator.impl.firestore.CloudFirestoreV1WriteStream.write(CloudFirestoreV1WriteStream.java:138)
	at com.google.cloud.datastore.emulator.impl.firestore.CloudFirestoreV1WriteStream.onNext(CloudFirestoreV1WriteStream.java:93)
	at com.google.cloud.datastore.emulator.impl.firestore.CloudFirestoreV1WriteStream.onNext(CloudFirestoreV1WriteStream.java:26)
	at io.grpc.stub.ServerCalls$StreamingServerCallHandler$StreamingServerCallListener.onMessage(ServerCalls.java:262)
	at io.grpc.ForwardingServerCallListener.onMessage(ForwardingServerCallListener.java:33)
	at io.grpc.Contexts$ContextualizedServerCallListener.onMessage(Contexts.java:76)
	at io.grpc.ForwardingServerCallListener.onMessage(ForwardingServerCallListener.java:33)
	at io.grpc.Contexts$ContextualizedServerCallListener.onMessage(Contexts.java:76)
	at io.grpc.internal.ServerCallImpl$ServerStreamListenerImpl.messagesAvailableInternal(ServerCallImpl.java:324)
	at io.grpc.internal.ServerCallImpl$ServerStreamListenerImpl.messagesAvailable(ServerCallImpl.java:309)
	at io.grpc.internal.ServerImpl$JumpToApplicationThreadServerStreamListener$1MessagesAvailable.runInContext(ServerImpl.java:833)
	at io.grpc.internal.ContextRunnable.run(ContextRunnable.java:37)
	at io.grpc.internal.SerializingExecutor.run(SerializingExecutor.java:133)
	at java.base/java.util.concurrent.ThreadPoolExecutor.runWorker(ThreadPoolExecutor.java:1136)
	at java.base/java.util.concurrent.ThreadPoolExecutor$Worker.run(ThreadPoolExecutor.java:635)
	at java.base/java.lang.Thread.run(Thread.java:833)

Multiple projectIds are not recommended in single project mode. Requested project ID compendium-tester, but the emulator is configured for dev-complexity-compendium. To opt-out of single project mode add/set the '"singleProjectMode": false' property in the firebase.json emulators config.
Multiple projectIds are not recommended in single project mode. Requested project ID compendium-tester, but the emulator is configured for dev-complexity-compendium. To opt-out of single project mode add/set the '"singleProjectMode": false' property in the firebase.json emulators config.
Multiple projectIds are not recommended in single project mode. Requested project ID compendium-tester, but the emulator is configured for dev-complexity-compendium. To opt-out of single project mode add/set the '"singleProjectMode": false' property in the firebase.json emulators config.
Multiple projectIds are not recommended in single project mode. Requested project ID compendium-tester, but the emulator is configured for dev-complexity-compendium. To opt-out of single project mode add/set the '"singleProjectMode": false' property in the firebase.json emulators config.
Multiple projectIds are not recommended in single project mode. Requested project ID compendium-tester, but the emulator is configured for dev-complexity-compendium. To opt-out of single project mode add/set the '"singleProjectMode": false' property in the firebase.json emulators config.
Multiple projectIds are not recommended in single project mode. Requested project ID compendium-tester, but the emulator is configured for dev-complexity-compendium. To opt-out of single project mode add/set the '"singleProjectMode": false' property in the firebase.json emulators config.
Multiple projectIds are not recommended in single project mode. Requested project ID compendium-tester, but the emulator is configured for dev-complexity-compendium. To opt-out of single project mode add/set the '"singleProjectMode": false' property in the firebase.json emulators config.
Multiple projectIds are not recommended in single project mode. Requested project ID compendium-tester, but the emulator is configured for dev-complexity-compendium. To opt-out of single project mode add/set the '"singleProjectMode": false' property in the firebase.json emulators config.
Multiple projectIds are not recommended in single project mode. Requested project ID compendium-tester, but the emulator is configured for dev-complexity-compendium. To opt-out of single project mode add/set the '"singleProjectMode": false' property in the firebase.json emulators config.
Multiple projectIds are not recommended in single project mode. Requested project ID compendium-tester, but the emulator is configured for dev-complexity-compendium. To opt-out of single project mode add/set the '"singleProjectMode": false' property in the firebase.json emulators config.
Multiple projectIds are not recommended in single project mode. Requested project ID compendium-tester, but the emulator is configured for dev-complexity-compendium. To opt-out of single project mode add/set the '"singleProjectMode": false' property in the firebase.json emulators config.
Multiple projectIds are not recommended in single project mode. Requested project ID compendium-tester, but the emulator is configured for dev-complexity-compendium. To opt-out of single project mode add/set the '"singleProjectMode": false' property in the firebase.json emulators config.
Multiple projectIds are not recommended in single project mode. Requested project ID compendium-tester, but the emulator is configured for dev-complexity-compendium. To opt-out of single project mode add/set the '"singleProjectMode": false' property in the firebase.json emulators config.
Multiple projectIds are not recommended in single project mode. Requested project ID compendium-tester, but the emulator is configured for dev-complexity-compendium. To opt-out of single project mode add/set the '"singleProjectMode": false' property in the firebase.json emulators config.
Multiple projectIds are not recommended in single project mode. Requested project ID compendium-tester, but the emulator is configured for dev-complexity-compendium. To opt-out of single project mode add/set the '"singleProjectMode": false' property in the firebase.json emulators config.
Multiple projectIds are not recommended in single project mode. Requested project ID compendium-tester, but the emulator is configured for dev-complexity-compendium. To opt-out of single project mode add/set the '"singleProjectMode": false' property in the firebase.json emulators config.
Multiple projectIds are not recommended in single project mode. Requested project ID compendium-tester, but the emulator is configured for dev-complexity-compendium. To opt-out of single project mode add/set the '"singleProjectMode": false' property in the firebase.json emulators config.
Multiple projectIds are not recommended in single project mode. Requested project ID compendium-tester, but the emulator is configured for dev-complexity-compendium. To opt-out of single project mode add/set the '"singleProjectMode": false' property in the firebase.json emulators config.
Multiple projectIds are not recommended in single project mode. Requested project ID compendium-tester, but the emulator is configured for dev-complexity-compendium. To opt-out of single project mode add/set the '"singleProjectMode": false' property in the firebase.json emulators config.
Multiple projectIds are not recommended in single project mode. Requested project ID compendium-tester, but the emulator is configured for dev-complexity-compendium. To opt-out of single project mode add/set the '"singleProjectMode": false' property in the firebase.json emulators config.
Multiple projectIds are not recommended in single project mode. Requested project ID compendium-tester, but the emulator is configured for dev-complexity-compendium. To opt-out of single project mode add/set the '"singleProjectMode": false' property in the firebase.json emulators config.
Multiple projectIds are not recommended in single project mode. Requested project ID compendium-tester, but the emulator is configured for dev-complexity-compendium. To opt-out of single project mode add/set the '"singleProjectMode": false' property in the firebase.json emulators config.
Multiple projectIds are not recommended in single project mode. Requested project ID compendium-tester, but the emulator is configured for dev-complexity-compendium. To opt-out of single project mode add/set the '"singleProjectMode": false' property in the firebase.json emulators config.
Multiple projectIds are not recommended in single project mode. Requested project ID compendium-tester, but the emulator is configured for dev-complexity-compendium. To opt-out of single project mode add/set the '"singleProjectMode": false' property in the firebase.json emulators config.
Multiple projectIds are not recommended in single project mode. Requested project ID compendium-tester, but the emulator is configured for dev-complexity-compendium. To opt-out of single project mode add/set the '"singleProjectMode": false' property in the firebase.json emulators config.
Nov 14, 2023 6:44:01 AM com.google.cloud.datastore.emulator.impl.util.WrappedStreamObserver onError
WARNING: Operation failed: 
evaluation error at L274:23 for 'create' @ L274, evaluation error at L274:23 for 'update' @ L274, false for 'update' @ L274
com.google.cloud.datastore.core.exception.DatastoreException: 
evaluation error at L274:23 for 'create' @ L274, evaluation error at L274:23 for 'update' @ L274, false for 'update' @ L274
	at com.google.cloud.datastore.core.exception.DatastoreException$Builder.build(DatastoreException.java:120)
	at com.google.cloud.datastore.emulator.impl.rules.EmulatorRulesAuthorizer.verboseError(EmulatorRulesAuthorizer.java:321)
	at com.google.cloud.datastore.emulator.impl.rules.EmulatorRulesAuthorizer.withVerboseErrors(EmulatorRulesAuthorizer.java:298)
	at com.google.cloud.datastore.emulator.impl.rules.EmulatorRulesAuthorizer.checkCommit(EmulatorRulesAuthorizer.java:130)
	at com.google.cloud.datastore.emulator.impl.firestore.CloudFirestoreV1.commitHelper(CloudFirestoreV1.java:1045)
	at com.google.cloud.datastore.emulator.impl.firestore.CloudFirestoreV1.internalCommit(CloudFirestoreV1.java:955)
	at com.google.cloud.datastore.emulator.impl.firestore.CloudFirestoreV1.internalCommit(CloudFirestoreV1.java:942)
	at com.google.cloud.datastore.emulator.impl.firestore.CloudFirestoreV1.write(CloudFirestoreV1.java:930)
	at com.google.cloud.datastore.emulator.impl.firestore.CloudFirestoreV1WriteStream.handleRequest(CloudFirestoreV1WriteStream.java:210)
	at com.google.cloud.datastore.emulator.impl.firestore.CloudFirestoreV1WriteStream.write(CloudFirestoreV1WriteStream.java:138)
	at com.google.cloud.datastore.emulator.impl.firestore.CloudFirestoreV1WriteStream.onNext(CloudFirestoreV1WriteStream.java:93)
	at com.google.cloud.datastore.emulator.impl.firestore.CloudFirestoreV1WriteStream.onNext(CloudFirestoreV1WriteStream.java:26)
	at io.grpc.stub.ServerCalls$StreamingServerCallHandler$StreamingServerCallListener.onMessage(ServerCalls.java:262)
	at io.grpc.ForwardingServerCallListener.onMessage(ForwardingServerCallListener.java:33)
	at io.grpc.Contexts$ContextualizedServerCallListener.onMessage(Contexts.java:76)
	at io.grpc.ForwardingServerCallListener.onMessage(ForwardingServerCallListener.java:33)
	at io.grpc.Contexts$ContextualizedServerCallListener.onMessage(Contexts.java:76)
	at io.grpc.internal.ServerCallImpl$ServerStreamListenerImpl.messagesAvailableInternal(ServerCallImpl.java:324)
	at io.grpc.internal.ServerCallImpl$ServerStreamListenerImpl.messagesAvailable(ServerCallImpl.java:309)
	at io.grpc.internal.ServerImpl$JumpToApplicationThreadServerStreamListener$1MessagesAvailable.runInContext(ServerImpl.java:833)
	at io.grpc.internal.ContextRunnable.run(ContextRunnable.java:37)
	at io.grpc.internal.SerializingExecutor.run(SerializingExecutor.java:133)
	at java.base/java.util.concurrent.ThreadPoolExecutor.runWorker(ThreadPoolExecutor.java:1136)
	at java.base/java.util.concurrent.ThreadPoolExecutor$Worker.run(ThreadPoolExecutor.java:635)
	at java.base/java.lang.Thread.run(Thread.java:833)

Multiple projectIds are not recommended in single project mode. Requested project ID compendium-tester, but the emulator is configured for dev-complexity-compendium. To opt-out of single project mode add/set the '"singleProjectMode": false' property in the firebase.json emulators config.
Multiple projectIds are not recommended in single project mode. Requested project ID compendium-tester, but the emulator is configured for dev-complexity-compendium. To opt-out of single project mode add/set the '"singleProjectMode": false' property in the firebase.json emulators config.
Multiple projectIds are not recommended in single project mode. Requested project ID compendium-tester, but the emulator is configured for dev-complexity-compendium. To opt-out of single project mode add/set the '"singleProjectMode": false' property in the firebase.json emulators config.
Multiple projectIds are not recommended in single project mode. Requested project ID compendium-tester, but the emulator is configured for dev-complexity-compendium. To opt-out of single project mode add/set the '"singleProjectMode": false' property in the firebase.json emulators config.
Multiple projectIds are not recommended in single project mode. Requested project ID compendium-tester, but the emulator is configured for dev-complexity-compendium. To opt-out of single project mode add/set the '"singleProjectMode": false' property in the firebase.json emulators config.
Multiple projectIds are not recommended in single project mode. Requested project ID compendium-tester, but the emulator is configured for dev-complexity-compendium. To opt-out of single project mode add/set the '"singleProjectMode": false' property in the firebase.json emulators config.
Multiple projectIds are not recommended in single project mode. Requested project ID compendium-tester, but the emulator is configured for dev-complexity-compendium. To opt-out of single project mode add/set the '"singleProjectMode": false' property in the firebase.json emulators config.
Multiple projectIds are not recommended in single project mode. Requested project ID compendium-tester, but the emulator is configured for dev-complexity-compendium. To opt-out of single project mode add/set the '"singleProjectMode": false' property in the firebase.json emulators config.
Multiple projectIds are not recommended in single project mode. Requested project ID compendium-tester, but the emulator is configured for dev-complexity-compendium. To opt-out of single project mode add/set the '"singleProjectMode": false' property in the firebase.json emulators config.
Nov 14, 2023 6:44:02 AM com.google.cloud.datastore.emulator.impl.util.WrappedStreamObserver onError
WARNING: Operation failed: 
evaluation error at L215:23 for 'update' @ L215, false for 'update' @ L215
com.google.cloud.datastore.core.exception.DatastoreException: 
evaluation error at L215:23 for 'update' @ L215, false for 'update' @ L215
	at com.google.cloud.datastore.core.exception.DatastoreException$Builder.build(DatastoreException.java:120)
	at com.google.cloud.datastore.emulator.impl.rules.EmulatorRulesAuthorizer.verboseError(EmulatorRulesAuthorizer.java:321)
	at com.google.cloud.datastore.emulator.impl.rules.EmulatorRulesAuthorizer.withVerboseErrors(EmulatorRulesAuthorizer.java:298)
	at com.google.cloud.datastore.emulator.impl.rules.EmulatorRulesAuthorizer.checkCommit(EmulatorRulesAuthorizer.java:130)
	at com.google.cloud.datastore.emulator.impl.firestore.CloudFirestoreV1.commitHelper(CloudFirestoreV1.java:1045)
	at com.google.cloud.datastore.emulator.impl.firestore.CloudFirestoreV1.internalCommit(CloudFirestoreV1.java:955)
	at com.google.cloud.datastore.emulator.impl.firestore.CloudFirestoreV1.internalCommit(CloudFirestoreV1.java:942)
	at com.google.cloud.datastore.emulator.impl.firestore.CloudFirestoreV1.write(CloudFirestoreV1.java:930)
	at com.google.cloud.datastore.emulator.impl.firestore.CloudFirestoreV1WriteStream.handleRequest(CloudFirestoreV1WriteStream.java:210)
	at com.google.cloud.datastore.emulator.impl.firestore.CloudFirestoreV1WriteStream.write(CloudFirestoreV1WriteStream.java:138)
	at com.google.cloud.datastore.emulator.impl.firestore.CloudFirestoreV1WriteStream.onNext(CloudFirestoreV1WriteStream.java:93)
	at com.google.cloud.datastore.emulator.impl.firestore.CloudFirestoreV1WriteStream.onNext(CloudFirestoreV1WriteStream.java:26)
	at io.grpc.stub.ServerCalls$StreamingServerCallHandler$StreamingServerCallListener.onMessage(ServerCalls.java:262)
	at io.grpc.ForwardingServerCallListener.onMessage(ForwardingServerCallListener.java:33)
	at io.grpc.Contexts$ContextualizedServerCallListener.onMessage(Contexts.java:76)
	at io.grpc.ForwardingServerCallListener.onMessage(ForwardingServerCallListener.java:33)
	at io.grpc.Contexts$ContextualizedServerCallListener.onMessage(Contexts.java:76)
	at io.grpc.internal.ServerCallImpl$ServerStreamListenerImpl.messagesAvailableInternal(ServerCallImpl.java:324)
	at io.grpc.internal.ServerCallImpl$ServerStreamListenerImpl.messagesAvailable(ServerCallImpl.java:309)
	at io.grpc.internal.ServerImpl$JumpToApplicationThreadServerStreamListener$1MessagesAvailable.runInContext(ServerImpl.java:833)
	at io.grpc.internal.ContextRunnable.run(ContextRunnable.java:37)
	at io.grpc.internal.SerializingExecutor.run(SerializingExecutor.java:133)
	at java.base/java.util.concurrent.ThreadPoolExecutor.runWorker(ThreadPoolExecutor.java:1136)
	at java.base/java.util.concurrent.ThreadPoolExecutor$Worker.run(ThreadPoolExecutor.java:635)
	at java.base/java.lang.Thread.run(Thread.java:833)

Multiple projectIds are not recommended in single project mode. Requested project ID compendium-tester, but the emulator is configured for dev-complexity-compendium. To opt-out of single project mode add/set the '"singleProjectMode": false' property in the firebase.json emulators config.
Multiple projectIds are not recommended in single project mode. Requested project ID compendium-tester, but the emulator is configured for dev-complexity-compendium. To opt-out of single project mode add/set the '"singleProjectMode": false' property in the firebase.json emulators config.
Multiple projectIds are not recommended in single project mode. Requested project ID compendium-tester, but the emulator is configured for dev-complexity-compendium. To opt-out of single project mode add/set the '"singleProjectMode": false' property in the firebase.json emulators config.
Multiple projectIds are not recommended in single project mode. Requested project ID compendium-tester, but the emulator is configured for dev-complexity-compendium. To opt-out of single project mode add/set the '"singleProjectMode": false' property in the firebase.json emulators config.
Multiple projectIds are not recommended in single project mode. Requested project ID compendium-tester, but the emulator is configured for dev-complexity-compendium. To opt-out of single project mode add/set the '"singleProjectMode": false' property in the firebase.json emulators config.
Multiple projectIds are not recommended in single project mode. Requested project ID compendium-tester, but the emulator is configured for dev-complexity-compendium. To opt-out of single project mode add/set the '"singleProjectMode": false' property in the firebase.json emulators config.
Multiple projectIds are not recommended in single project mode. Requested project ID compendium-tester, but the emulator is configured for dev-complexity-compendium. To opt-out of single project mode add/set the '"singleProjectMode": false' property in the firebase.json emulators config.
Multiple projectIds are not recommended in single project mode. Requested project ID compendium-tester, but the emulator is configured for dev-complexity-compendium. To opt-out of single project mode add/set the '"singleProjectMode": false' property in the firebase.json emulators config.
Multiple projectIds are not recommended in single project mode. Requested project ID compendium-tester, but the emulator is configured for dev-complexity-compendium. To opt-out of single project mode add/set the '"singleProjectMode": false' property in the firebase.json emulators config.
Nov 14, 2023 6:44:02 AM com.google.cloud.datastore.emulator.impl.util.WrappedStreamObserver onError
WARNING: Operation failed: 
evaluation error at L215:23 for 'create' @ L215, evaluation error at L215:23 for 'update' @ L215, false for 'create' @ L215
com.google.cloud.datastore.core.exception.DatastoreException: 
evaluation error at L215:23 for 'create' @ L215, evaluation error at L215:23 for 'update' @ L215, false for 'create' @ L215
	at com.google.cloud.datastore.core.exception.DatastoreException$Builder.build(DatastoreException.java:120)
	at com.google.cloud.datastore.emulator.impl.rules.EmulatorRulesAuthorizer.verboseError(EmulatorRulesAuthorizer.java:321)
	at com.google.cloud.datastore.emulator.impl.rules.EmulatorRulesAuthorizer.withVerboseErrors(EmulatorRulesAuthorizer.java:298)
	at com.google.cloud.datastore.emulator.impl.rules.EmulatorRulesAuthorizer.checkCommit(EmulatorRulesAuthorizer.java:130)
	at com.google.cloud.datastore.emulator.impl.firestore.CloudFirestoreV1.commitHelper(CloudFirestoreV1.java:1045)
	at com.google.cloud.datastore.emulator.impl.firestore.CloudFirestoreV1.internalCommit(CloudFirestoreV1.java:955)
	at com.google.cloud.datastore.emulator.impl.firestore.CloudFirestoreV1.internalCommit(CloudFirestoreV1.java:942)
	at com.google.cloud.datastore.emulator.impl.firestore.CloudFirestoreV1.write(CloudFirestoreV1.java:930)
	at com.google.cloud.datastore.emulator.impl.firestore.CloudFirestoreV1WriteStream.handleRequest(CloudFirestoreV1WriteStream.java:210)
	at com.google.cloud.datastore.emulator.impl.firestore.CloudFirestoreV1WriteStream.write(CloudFirestoreV1WriteStream.java:138)
	at com.google.cloud.datastore.emulator.impl.firestore.CloudFirestoreV1WriteStream.onNext(CloudFirestoreV1WriteStream.java:93)
	at com.google.cloud.datastore.emulator.impl.firestore.CloudFirestoreV1WriteStream.onNext(CloudFirestoreV1WriteStream.java:26)
	at io.grpc.stub.ServerCalls$StreamingServerCallHandler$StreamingServerCallListener.onMessage(ServerCalls.java:262)
	at io.grpc.ForwardingServerCallListener.onMessage(ForwardingServerCallListener.java:33)
	at io.grpc.Contexts$ContextualizedServerCallListener.onMessage(Contexts.java:76)
	at io.grpc.ForwardingServerCallListener.onMessage(ForwardingServerCallListener.java:33)
	at io.grpc.Contexts$ContextualizedServerCallListener.onMessage(Contexts.java:76)
	at io.grpc.internal.ServerCallImpl$ServerStreamListenerImpl.messagesAvailableInternal(ServerCallImpl.java:324)
	at io.grpc.internal.ServerCallImpl$ServerStreamListenerImpl.messagesAvailable(ServerCallImpl.java:309)
	at io.grpc.internal.ServerImpl$JumpToApplicationThreadServerStreamListener$1MessagesAvailable.runInContext(ServerImpl.java:833)
	at io.grpc.internal.ContextRunnable.run(ContextRunnable.java:37)
	at io.grpc.internal.SerializingExecutor.run(SerializingExecutor.java:133)
	at java.base/java.util.concurrent.ThreadPoolExecutor.runWorker(ThreadPoolExecutor.java:1136)
	at java.base/java.util.concurrent.ThreadPoolExecutor$Worker.run(ThreadPoolExecutor.java:635)
	at java.base/java.lang.Thread.run(Thread.java:833)

Multiple projectIds are not recommended in single project mode. Requested project ID compendium-tester, but the emulator is configured for dev-complexity-compendium. To opt-out of single project mode add/set the '"singleProjectMode": false' property in the firebase.json emulators config.
Multiple projectIds are not recommended in single project mode. Requested project ID compendium-tester, but the emulator is configured for dev-complexity-compendium. To opt-out of single project mode add/set the '"singleProjectMode": false' property in the firebase.json emulators config.
Multiple projectIds are not recommended in single project mode. Requested project ID compendium-tester, but the emulator is configured for dev-complexity-compendium. To opt-out of single project mode add/set the '"singleProjectMode": false' property in the firebase.json emulators config.
Multiple projectIds are not recommended in single project mode. Requested project ID compendium-tester, but the emulator is configured for dev-complexity-compendium. To opt-out of single project mode add/set the '"singleProjectMode": false' property in the firebase.json emulators config.
Multiple projectIds are not recommended in single project mode. Requested project ID compendium-tester, but the emulator is configured for dev-complexity-compendium. To opt-out of single project mode add/set the '"singleProjectMode": false' property in the firebase.json emulators config.
Multiple projectIds are not recommended in single project mode. Requested project ID compendium-tester, but the emulator is configured for dev-complexity-compendium. To opt-out of single project mode add/set the '"singleProjectMode": false' property in the firebase.json emulators config.
Multiple projectIds are not recommended in single project mode. Requested project ID compendium-tester, but the emulator is configured for dev-complexity-compendium. To opt-out of single project mode add/set the '"singleProjectMode": false' property in the firebase.json emulators config.
Multiple projectIds are not recommended in single project mode. Requested project ID compendium-tester, but the emulator is configured for dev-complexity-compendium. To opt-out of single project mode add/set the '"singleProjectMode": false' property in the firebase.json emulators config.
Multiple projectIds are not recommended in single project mode. Requested project ID compendium-tester, but the emulator is configured for dev-complexity-compendium. To opt-out of single project mode add/set the '"singleProjectMode": false' property in the firebase.json emulators config.
Multiple projectIds are not recommended in single project mode. Requested project ID compendium-tester, but the emulator is configured for dev-complexity-compendium. To opt-out of single project mode add/set the '"singleProjectMode": false' property in the firebase.json emulators config.
Multiple projectIds are not recommended in single project mode. Requested project ID compendium-tester, but the emulator is configured for dev-complexity-compendium. To opt-out of single project mode add/set the '"singleProjectMode": false' property in the firebase.json emulators config.
Multiple projectIds are not recommended in single project mode. Requested project ID compendium-tester, but the emulator is configured for dev-complexity-compendium. To opt-out of single project mode add/set the '"singleProjectMode": false' property in the firebase.json emulators config.
Nov 14, 2023 6:44:02 AM com.google.cloud.datastore.emulator.impl.util.WrappedStreamObserver onError
WARNING: Operation failed: 
false for 'create' @ L247, evaluation error at L248:23 for 'create' @ L248, evaluation error at L248:23 for 'update' @ L248, false for 'create' @ L247, false for 'create' @ L248
com.google.cloud.datastore.core.exception.DatastoreException: 
false for 'create' @ L247, evaluation error at L248:23 for 'create' @ L248, evaluation error at L248:23 for 'update' @ L248, false for 'create' @ L247, false for 'create' @ L248
	at com.google.cloud.datastore.core.exception.DatastoreException$Builder.build(DatastoreException.java:120)
	at com.google.cloud.datastore.emulator.impl.rules.EmulatorRulesAuthorizer.verboseError(EmulatorRulesAuthorizer.java:321)
	at com.google.cloud.datastore.emulator.impl.rules.EmulatorRulesAuthorizer.withVerboseErrors(EmulatorRulesAuthorizer.java:298)
	at com.google.cloud.datastore.emulator.impl.rules.EmulatorRulesAuthorizer.checkCommit(EmulatorRulesAuthorizer.java:130)
	at com.google.cloud.datastore.emulator.impl.firestore.CloudFirestoreV1.commitHelper(CloudFirestoreV1.java:1045)
	at com.google.cloud.datastore.emulator.impl.firestore.CloudFirestoreV1.internalCommit(CloudFirestoreV1.java:955)
	at com.google.cloud.datastore.emulator.impl.firestore.CloudFirestoreV1.internalCommit(CloudFirestoreV1.java:942)
	at com.google.cloud.datastore.emulator.impl.firestore.CloudFirestoreV1.write(CloudFirestoreV1.java:930)
	at com.google.cloud.datastore.emulator.impl.firestore.CloudFirestoreV1WriteStream.handleRequest(CloudFirestoreV1WriteStream.java:210)
	at com.google.cloud.datastore.emulator.impl.firestore.CloudFirestoreV1WriteStream.write(CloudFirestoreV1WriteStream.java:138)
	at com.google.cloud.datastore.emulator.impl.firestore.CloudFirestoreV1WriteStream.onNext(CloudFirestoreV1WriteStream.java:93)
	at com.google.cloud.datastore.emulator.impl.firestore.CloudFirestoreV1WriteStream.onNext(CloudFirestoreV1WriteStream.java:26)
	at io.grpc.stub.ServerCalls$StreamingServerCallHandler$StreamingServerCallListener.onMessage(ServerCalls.java:262)
	at io.grpc.ForwardingServerCallListener.onMessage(ForwardingServerCallListener.java:33)
	at io.grpc.Contexts$ContextualizedServerCallListener.onMessage(Contexts.java:76)
	at io.grpc.ForwardingServerCallListener.onMessage(ForwardingServerCallListener.java:33)
	at io.grpc.Contexts$ContextualizedServerCallListener.onMessage(Contexts.java:76)
	at io.grpc.internal.ServerCallImpl$ServerStreamListenerImpl.messagesAvailableInternal(ServerCallImpl.java:324)
	at io.grpc.internal.ServerCallImpl$ServerStreamListenerImpl.messagesAvailable(ServerCallImpl.java:309)
	at io.grpc.internal.ServerImpl$JumpToApplicationThreadServerStreamListener$1MessagesAvailable.runInContext(ServerImpl.java:833)
	at io.grpc.internal.ContextRunnable.run(ContextRunnable.java:37)
	at io.grpc.internal.SerializingExecutor.run(SerializingExecutor.java:133)
	at java.base/java.util.concurrent.ThreadPoolExecutor.runWorker(ThreadPoolExecutor.java:1136)
	at java.base/java.util.concurrent.ThreadPoolExecutor$Worker.run(ThreadPoolExecutor.java:635)
	at java.base/java.lang.Thread.run(Thread.java:833)

Multiple projectIds are not recommended in single project mode. Requested project ID compendium-tester, but the emulator is configured for dev-complexity-compendium. To opt-out of single project mode add/set the '"singleProjectMode": false' property in the firebase.json emulators config.
Multiple projectIds are not recommended in single project mode. Requested project ID compendium-tester, but the emulator is configured for dev-complexity-compendium. To opt-out of single project mode add/set the '"singleProjectMode": false' property in the firebase.json emulators config.
Multiple projectIds are not recommended in single project mode. Requested project ID compendium-tester, but the emulator is configured for dev-complexity-compendium. To opt-out of single project mode add/set the '"singleProjectMode": false' property in the firebase.json emulators config.
Multiple projectIds are not recommended in single project mode. Requested project ID compendium-tester, but the emulator is configured for dev-complexity-compendium. To opt-out of single project mode add/set the '"singleProjectMode": false' property in the firebase.json emulators config.
Multiple projectIds are not recommended in single project mode. Requested project ID compendium-tester, but the emulator is configured for dev-complexity-compendium. To opt-out of single project mode add/set the '"singleProjectMode": false' property in the firebase.json emulators config.
Multiple projectIds are not recommended in single project mode. Requested project ID compendium-tester, but the emulator is configured for dev-complexity-compendium. To opt-out of single project mode add/set the '"singleProjectMode": false' property in the firebase.json emulators config.
Nov 14, 2023 6:44:02 AM com.google.cloud.datastore.emulator.impl.util.WrappedStreamObserver onError
WARNING: Operation failed: 
evaluation error at L247:24 for 'create' @ L247, evaluation error at L248:23 for 'create' @ L248, evaluation error at L248:23 for 'update' @ L248, false for 'create' @ L247, Null value error. for 'create' @ L248
com.google.cloud.datastore.core.exception.DatastoreException: 
evaluation error at L247:24 for 'create' @ L247, evaluation error at L248:23 for 'create' @ L248, evaluation error at L248:23 for 'update' @ L248, false for 'create' @ L247, Null value error. for 'create' @ L248
	at com.google.cloud.datastore.core.exception.DatastoreException$Builder.build(DatastoreException.java:120)
	at com.google.cloud.datastore.emulator.impl.rules.EmulatorRulesAuthorizer.verboseError(EmulatorRulesAuthorizer.java:321)
	at com.google.cloud.datastore.emulator.impl.rules.EmulatorRulesAuthorizer.withVerboseErrors(EmulatorRulesAuthorizer.java:298)
	at com.google.cloud.datastore.emulator.impl.rules.EmulatorRulesAuthorizer.checkCommit(EmulatorRulesAuthorizer.java:130)
	at com.google.cloud.datastore.emulator.impl.firestore.CloudFirestoreV1.commitHelper(CloudFirestoreV1.java:1045)
	at com.google.cloud.datastore.emulator.impl.firestore.CloudFirestoreV1.internalCommit(CloudFirestoreV1.java:955)
	at com.google.cloud.datastore.emulator.impl.firestore.CloudFirestoreV1.internalCommit(CloudFirestoreV1.java:942)
	at com.google.cloud.datastore.emulator.impl.firestore.CloudFirestoreV1.write(CloudFirestoreV1.java:930)
	at com.google.cloud.datastore.emulator.impl.firestore.CloudFirestoreV1WriteStream.handleRequest(CloudFirestoreV1WriteStream.java:210)
	at com.google.cloud.datastore.emulator.impl.firestore.CloudFirestoreV1WriteStream.write(CloudFirestoreV1WriteStream.java:138)
	at com.google.cloud.datastore.emulator.impl.firestore.CloudFirestoreV1WriteStream.onNext(CloudFirestoreV1WriteStream.java:93)
	at com.google.cloud.datastore.emulator.impl.firestore.CloudFirestoreV1WriteStream.onNext(CloudFirestoreV1WriteStream.java:26)
	at io.grpc.stub.ServerCalls$StreamingServerCallHandler$StreamingServerCallListener.onMessage(ServerCalls.java:262)
	at io.grpc.ForwardingServerCallListener.onMessage(ForwardingServerCallListener.java:33)
	at io.grpc.Contexts$ContextualizedServerCallListener.onMessage(Contexts.java:76)
	at io.grpc.ForwardingServerCallListener.onMessage(ForwardingServerCallListener.java:33)
	at io.grpc.Contexts$ContextualizedServerCallListener.onMessage(Contexts.java:76)
	at io.grpc.internal.ServerCallImpl$ServerStreamListenerImpl.messagesAvailableInternal(ServerCallImpl.java:324)
	at io.grpc.internal.ServerCallImpl$ServerStreamListenerImpl.messagesAvailable(ServerCallImpl.java:309)
	at io.grpc.internal.ServerImpl$JumpToApplicationThreadServerStreamListener$1MessagesAvailable.runInContext(ServerImpl.java:833)
	at io.grpc.internal.ContextRunnable.run(ContextRunnable.java:37)
	at io.grpc.internal.SerializingExecutor.run(SerializingExecutor.java:133)
	at java.base/java.util.concurrent.ThreadPoolExecutor.runWorker(ThreadPoolExecutor.java:1136)
	at java.base/java.util.concurrent.ThreadPoolExecutor$Worker.run(ThreadPoolExecutor.java:635)
	at java.base/java.lang.Thread.run(Thread.java:833)
Caused by: com.google.firebase.rules.runtime.common.EvaluationException: Error:  line [248], column [98]. Null value error.
	at com.google.firebase.rules.runtime.impl.DefaultEvaluator$TransformEvaluationException.apply(DefaultEvaluator.java:275)
	at com.google.firebase.rules.runtime.impl.DefaultEvaluator$TransformEvaluationException.apply(DefaultEvaluator.java:261)
	at com.google.common.util.concurrent.AbstractCatchingFuture$AsyncCatchingFuture.doFallback(AbstractCatchingFuture.java:206)
	at com.google.common.util.concurrent.AbstractCatchingFuture$AsyncCatchingFuture.doFallback(AbstractCatchingFuture.java:193)
	at com.google.common.util.concurrent.AbstractCatchingFuture.run(AbstractCatchingFuture.java:135)
	at com.google.common.util.concurrent.DirectExecutor.execute(DirectExecutor.java:32)
	at com.google.common.util.concurrent.AbstractFuture.executeListener(AbstractFuture.java:1293)
	at com.google.common.util.concurrent.AbstractFuture.addListener(AbstractFuture.java:764)
	at com.google.common.util.concurrent.FluentFuture$TrustedFuture.addListener(FluentFuture.java:122)
	at com.google.common.util.concurrent.AbstractCatchingFuture.create(AbstractCatchingFuture.java:58)
	at com.google.common.util.concurrent.Futures.catchingAsync(Futures.java:411)
	at com.google.firebase.rules.runtime.impl.DefaultEvaluator.evaluate(DefaultEvaluator.java:177)
	at com.google.cloud.datastore.emulator.impl.rules.EmulatorRuleClient$EmulatorRuleEvaluator.evaluate(EmulatorRuleClient.java:84)
	at com.google.cloud.datastore.core.auth.rules.AsyncTwoPhaseRulesAuthorizer.lambda$fullEvaluate$9(AsyncTwoPhaseRulesAuthorizer.java:944)
	at com.google.cloud.datastore.computation.Computation.tryCatch(Computation.java:373)
	at com.google.cloud.datastore.core.auth.rules.AsyncTwoPhaseRulesAuthorizer.fullEvaluate(AsyncTwoPhaseRulesAuthorizer.java:943)
	at com.google.cloud.datastore.core.auth.rules.AsyncTwoPhaseRulesAuthorizer$CommitAuthorizerImpl.lambda$checkWrite$1(AsyncTwoPhaseRulesAuthorizer.java:1176)
	at com.google.cloud.datastore.computation.Computation.lambda$tryClose$26(Computation.java:642)
	at com.google.cloud.datastore.computation.Computation.tryCatch(Computation.java:373)
	at com.google.cloud.datastore.computation.Computation.tryFinally(Computation.java:609)
	at com.google.cloud.datastore.computation.Computation.tryFinally(Computation.java:615)
	at com.google.cloud.datastore.computation.Computation.tryClose(Computation.java:642)
	at com.google.cloud.datastore.core.auth.rules.AsyncTwoPhaseRulesAuthorizer$CommitAuthorizerImpl.checkWrite(AsyncTwoPhaseRulesAuthorizer.java:1145)
	at com.google.cloud.datastore.emulator.impl.rules.EmulatorRulesAuthorizer.lambda$checkCommit$0(EmulatorRulesAuthorizer.java:140)
	at com.google.cloud.datastore.emulator.impl.rules.EmulatorRulesAuthorizer.withVerboseErrors(EmulatorRulesAuthorizer.java:293)
	... 22 more

Multiple projectIds are not recommended in single project mode. Requested project ID compendium-tester, but the emulator is configured for dev-complexity-compendium. To opt-out of single project mode add/set the '"singleProjectMode": false' property in the firebase.json emulators config.
Multiple projectIds are not recommended in single project mode. Requested project ID compendium-tester, but the emulator is configured for dev-complexity-compendium. To opt-out of single project mode add/set the '"singleProjectMode": false' property in the firebase.json emulators config.
Multiple projectIds are not recommended in single project mode. Requested project ID compendium-tester, but the emulator is configured for dev-complexity-compendium. To opt-out of single project mode add/set the '"singleProjectMode": false' property in the firebase.json emulators config.
Multiple projectIds are not recommended in single project mode. Requested project ID compendium-tester, but the emulator is configured for dev-complexity-compendium. To opt-out of single project mode add/set the '"singleProjectMode": false' property in the firebase.json emulators config.
Multiple projectIds are not recommended in single project mode. Requested project ID compendium-tester, but the emulator is configured for dev-complexity-compendium. To opt-out of single project mode add/set the '"singleProjectMode": false' property in the firebase.json emulators config.
Multiple projectIds are not recommended in single project mode. Requested project ID compendium-tester, but the emulator is configured for dev-complexity-compendium. To opt-out of single project mode add/set the '"singleProjectMode": false' property in the firebase.json emulators config.
Multiple projectIds are not recommended in single project mode. Requested project ID compendium-tester, but the emulator is configured for dev-complexity-compendium. To opt-out of single project mode add/set the '"singleProjectMode": false' property in the firebase.json emulators config.
Multiple projectIds are not recommended in single project mode. Requested project ID compendium-tester, but the emulator is configured for dev-complexity-compendium. To opt-out of single project mode add/set the '"singleProjectMode": false' property in the firebase.json emulators config.
Multiple projectIds are not recommended in single project mode. Requested project ID compendium-tester, but the emulator is configured for dev-complexity-compendium. To opt-out of single project mode add/set the '"singleProjectMode": false' property in the firebase.json emulators config.
Nov 14, 2023 6:44:02 AM com.google.cloud.datastore.emulator.impl.util.WrappedStreamObserver onError
WARNING: Operation failed: 
false for 'create' @ L253, false for 'update' @ L253
com.google.cloud.datastore.core.exception.DatastoreException: 
false for 'create' @ L253, false for 'update' @ L253
	at com.google.cloud.datastore.core.exception.DatastoreException$Builder.build(DatastoreException.java:120)
	at com.google.cloud.datastore.emulator.impl.rules.EmulatorRulesAuthorizer.verboseError(EmulatorRulesAuthorizer.java:321)
	at com.google.cloud.datastore.emulator.impl.rules.EmulatorRulesAuthorizer.withVerboseErrors(EmulatorRulesAuthorizer.java:298)
	at com.google.cloud.datastore.emulator.impl.rules.EmulatorRulesAuthorizer.checkCommit(EmulatorRulesAuthorizer.java:130)
	at com.google.cloud.datastore.emulator.impl.firestore.CloudFirestoreV1.commitHelper(CloudFirestoreV1.java:1045)
	at com.google.cloud.datastore.emulator.impl.firestore.CloudFirestoreV1.internalCommit(CloudFirestoreV1.java:955)
	at com.google.cloud.datastore.emulator.impl.firestore.CloudFirestoreV1.internalCommit(CloudFirestoreV1.java:942)
	at com.google.cloud.datastore.emulator.impl.firestore.CloudFirestoreV1.write(CloudFirestoreV1.java:930)
	at com.google.cloud.datastore.emulator.impl.firestore.CloudFirestoreV1WriteStream.handleRequest(CloudFirestoreV1WriteStream.java:210)
	at com.google.cloud.datastore.emulator.impl.firestore.CloudFirestoreV1WriteStream.write(CloudFirestoreV1WriteStream.java:138)
	at com.google.cloud.datastore.emulator.impl.firestore.CloudFirestoreV1WriteStream.onNext(CloudFirestoreV1WriteStream.java:93)
	at com.google.cloud.datastore.emulator.impl.firestore.CloudFirestoreV1WriteStream.onNext(CloudFirestoreV1WriteStream.java:26)
	at io.grpc.stub.ServerCalls$StreamingServerCallHandler$StreamingServerCallListener.onMessage(ServerCalls.java:262)
	at io.grpc.ForwardingServerCallListener.onMessage(ForwardingServerCallListener.java:33)
	at io.grpc.Contexts$ContextualizedServerCallListener.onMessage(Contexts.java:76)
	at io.grpc.ForwardingServerCallListener.onMessage(ForwardingServerCallListener.java:33)
	at io.grpc.Contexts$ContextualizedServerCallListener.onMessage(Contexts.java:76)
	at io.grpc.internal.ServerCallImpl$ServerStreamListenerImpl.messagesAvailableInternal(ServerCallImpl.java:324)
	at io.grpc.internal.ServerCallImpl$ServerStreamListenerImpl.messagesAvailable(ServerCallImpl.java:309)
	at io.grpc.internal.ServerImpl$JumpToApplicationThreadServerStreamListener$1MessagesAvailable.runInContext(ServerImpl.java:833)
	at io.grpc.internal.ContextRunnable.run(ContextRunnable.java:37)
	at io.grpc.internal.SerializingExecutor.run(SerializingExecutor.java:133)
	at java.base/java.util.concurrent.ThreadPoolExecutor.runWorker(ThreadPoolExecutor.java:1136)
	at java.base/java.util.concurrent.ThreadPoolExecutor$Worker.run(ThreadPoolExecutor.java:635)
	at java.base/java.lang.Thread.run(Thread.java:833)

Multiple projectIds are not recommended in single project mode. Requested project ID compendium-tester, but the emulator is configured for dev-complexity-compendium. To opt-out of single project mode add/set the '"singleProjectMode": false' property in the firebase.json emulators config.
Multiple projectIds are not recommended in single project mode. Requested project ID compendium-tester, but the emulator is configured for dev-complexity-compendium. To opt-out of single project mode add/set the '"singleProjectMode": false' property in the firebase.json emulators config.
Multiple projectIds are not recommended in single project mode. Requested project ID compendium-tester, but the emulator is configured for dev-complexity-compendium. To opt-out of single project mode add/set the '"singleProjectMode": false' property in the firebase.json emulators config.
Multiple projectIds are not recommended in single project mode. Requested project ID compendium-tester, but the emulator is configured for dev-complexity-compendium. To opt-out of single project mode add/set the '"singleProjectMode": false' property in the firebase.json emulators config.
Multiple projectIds are not recommended in single project mode. Requested project ID compendium-tester, but the emulator is configured for dev-complexity-compendium. To opt-out of single project mode add/set the '"singleProjectMode": false' property in the firebase.json emulators config.
Multiple projectIds are not recommended in single project mode. Requested project ID compendium-tester, but the emulator is configured for dev-complexity-compendium. To opt-out of single project mode add/set the '"singleProjectMode": false' property in the firebase.json emulators config.
Multiple projectIds are not recommended in single project mode. Requested project ID compendium-tester, but the emulator is configured for dev-complexity-compendium. To opt-out of single project mode add/set the '"singleProjectMode": false' property in the firebase.json emulators config.
Multiple projectIds are not recommended in single project mode. Requested project ID compendium-tester, but the emulator is configured for dev-complexity-compendium. To opt-out of single project mode add/set the '"singleProjectMode": false' property in the firebase.json emulators config.
Multiple projectIds are not recommended in single project mode. Requested project ID compendium-tester, but the emulator is configured for dev-complexity-compendium. To opt-out of single project mode add/set the '"singleProjectMode": false' property in the firebase.json emulators config.
Multiple projectIds are not recommended in single project mode. Requested project ID compendium-tester, but the emulator is configured for dev-complexity-compendium. To opt-out of single project mode add/set the '"singleProjectMode": false' property in the firebase.json emulators config.
Multiple projectIds are not recommended in single project mode. Requested project ID compendium-tester, but the emulator is configured for dev-complexity-compendium. To opt-out of single project mode add/set the '"singleProjectMode": false' property in the firebase.json emulators config.
Multiple projectIds are not recommended in single project mode. Requested project ID compendium-tester, but the emulator is configured for dev-complexity-compendium. To opt-out of single project mode add/set the '"singleProjectMode": false' property in the firebase.json emulators config.
Multiple projectIds are not recommended in single project mode. Requested project ID compendium-tester, but the emulator is configured for dev-complexity-compendium. To opt-out of single project mode add/set the '"singleProjectMode": false' property in the firebase.json emulators config.
Multiple projectIds are not recommended in single project mode. Requested project ID compendium-tester, but the emulator is configured for dev-complexity-compendium. To opt-out of single project mode add/set the '"singleProjectMode": false' property in the firebase.json emulators config.
Multiple projectIds are not recommended in single project mode. Requested project ID compendium-tester, but the emulator is configured for dev-complexity-compendium. To opt-out of single project mode add/set the '"singleProjectMode": false' property in the firebase.json emulators config.
Nov 14, 2023 6:44:02 AM com.google.cloud.datastore.emulator.impl.util.WrappedStreamObserver onError
WARNING: Operation failed: 
evaluation error at L280:24 for 'update' @ L280, false for 'update' @ L280
com.google.cloud.datastore.core.exception.DatastoreException: 
evaluation error at L280:24 for 'update' @ L280, false for 'update' @ L280
	at com.google.cloud.datastore.core.exception.DatastoreException$Builder.build(DatastoreException.java:120)
	at com.google.cloud.datastore.emulator.impl.rules.EmulatorRulesAuthorizer.verboseError(EmulatorRulesAuthorizer.java:321)
	at com.google.cloud.datastore.emulator.impl.rules.EmulatorRulesAuthorizer.withVerboseErrors(EmulatorRulesAuthorizer.java:298)
	at com.google.cloud.datastore.emulator.impl.rules.EmulatorRulesAuthorizer.checkCommit(EmulatorRulesAuthorizer.java:130)
	at com.google.cloud.datastore.emulator.impl.firestore.CloudFirestoreV1.commitHelper(CloudFirestoreV1.java:1045)
	at com.google.cloud.datastore.emulator.impl.firestore.CloudFirestoreV1.internalCommit(CloudFirestoreV1.java:955)
	at com.google.cloud.datastore.emulator.impl.firestore.CloudFirestoreV1.internalCommit(CloudFirestoreV1.java:942)
	at com.google.cloud.datastore.emulator.impl.firestore.CloudFirestoreV1.write(CloudFirestoreV1.java:930)
	at com.google.cloud.datastore.emulator.impl.firestore.CloudFirestoreV1WriteStream.handleRequest(CloudFirestoreV1WriteStream.java:210)
	at com.google.cloud.datastore.emulator.impl.firestore.CloudFirestoreV1WriteStream.write(CloudFirestoreV1WriteStream.java:138)
	at com.google.cloud.datastore.emulator.impl.firestore.CloudFirestoreV1WriteStream.onNext(CloudFirestoreV1WriteStream.java:93)
	at com.google.cloud.datastore.emulator.impl.firestore.CloudFirestoreV1WriteStream.onNext(CloudFirestoreV1WriteStream.java:26)
	at io.grpc.stub.ServerCalls$StreamingServerCallHandler$StreamingServerCallListener.onMessage(ServerCalls.java:262)
	at io.grpc.ForwardingServerCallListener.onMessage(ForwardingServerCallListener.java:33)
	at io.grpc.Contexts$ContextualizedServerCallListener.onMessage(Contexts.java:76)
	at io.grpc.ForwardingServerCallListener.onMessage(ForwardingServerCallListener.java:33)
	at io.grpc.Contexts$ContextualizedServerCallListener.onMessage(Contexts.java:76)
	at io.grpc.internal.ServerCallImpl$ServerStreamListenerImpl.messagesAvailableInternal(ServerCallImpl.java:324)
	at io.grpc.internal.ServerCallImpl$ServerStreamListenerImpl.messagesAvailable(ServerCallImpl.java:309)
	at io.grpc.internal.ServerImpl$JumpToApplicationThreadServerStreamListener$1MessagesAvailable.runInContext(ServerImpl.java:833)
	at io.grpc.internal.ContextRunnable.run(ContextRunnable.java:37)
	at io.grpc.internal.SerializingExecutor.run(SerializingExecutor.java:133)
	at java.base/java.util.concurrent.ThreadPoolExecutor.runWorker(ThreadPoolExecutor.java:1136)
	at java.base/java.util.concurrent.ThreadPoolExecutor$Worker.run(ThreadPoolExecutor.java:635)
	at java.base/java.lang.Thread.run(Thread.java:833)

Multiple projectIds are not recommended in single project mode. Requested project ID compendium-tester, but the emulator is configured for dev-complexity-compendium. To opt-out of single project mode add/set the '"singleProjectMode": false' property in the firebase.json emulators config.
Multiple projectIds are not recommended in single project mode. Requested project ID compendium-tester, but the emulator is configured for dev-complexity-compendium. To opt-out of single project mode add/set the '"singleProjectMode": false' property in the firebase.json emulators config.
Multiple projectIds are not recommended in single project mode. Requested project ID compendium-tester, but the emulator is configured for dev-complexity-compendium. To opt-out of single project mode add/set the '"singleProjectMode": false' property in the firebase.json emulators config.
Multiple projectIds are not recommended in single project mode. Requested project ID compendium-tester, but the emulator is configured for dev-complexity-compendium. To opt-out of single project mode add/set the '"singleProjectMode": false' property in the firebase.json emulators config.
Multiple projectIds are not recommended in single project mode. Requested project ID compendium-tester, but the emulator is configured for dev-complexity-compendium. To opt-out of single project mode add/set the '"singleProjectMode": false' property in the firebase.json emulators config.
Multiple projectIds are not recommended in single project mode. Requested project ID compendium-tester, but the emulator is configured for dev-complexity-compendium. To opt-out of single project mode add/set the '"singleProjectMode": false' property in the firebase.json emulators config.
Nov 14, 2023 6:44:02 AM com.google.cloud.datastore.emulator.impl.util.WrappedStreamObserver onError
WARNING: Operation failed: 
false for 'create' @ L279, evaluation error at L280:24 for 'update' @ L280, false for 'create' @ L279
com.google.cloud.datastore.core.exception.DatastoreException: 
false for 'create' @ L279, evaluation error at L280:24 for 'update' @ L280, false for 'create' @ L279
	at com.google.cloud.datastore.core.exception.DatastoreException$Builder.build(DatastoreException.java:120)
	at com.google.cloud.datastore.emulator.impl.rules.EmulatorRulesAuthorizer.verboseError(EmulatorRulesAuthorizer.java:321)
	at com.google.cloud.datastore.emulator.impl.rules.EmulatorRulesAuthorizer.withVerboseErrors(EmulatorRulesAuthorizer.java:298)
	at com.google.cloud.datastore.emulator.impl.rules.EmulatorRulesAuthorizer.checkCommit(EmulatorRulesAuthorizer.java:130)
	at com.google.cloud.datastore.emulator.impl.firestore.CloudFirestoreV1.commitHelper(CloudFirestoreV1.java:1045)
	at com.google.cloud.datastore.emulator.impl.firestore.CloudFirestoreV1.internalCommit(CloudFirestoreV1.java:955)
	at com.google.cloud.datastore.emulator.impl.firestore.CloudFirestoreV1.internalCommit(CloudFirestoreV1.java:942)
	at com.google.cloud.datastore.emulator.impl.firestore.CloudFirestoreV1.write(CloudFirestoreV1.java:930)
	at com.google.cloud.datastore.emulator.impl.firestore.CloudFirestoreV1WriteStream.handleRequest(CloudFirestoreV1WriteStream.java:210)
	at com.google.cloud.datastore.emulator.impl.firestore.CloudFirestoreV1WriteStream.write(CloudFirestoreV1WriteStream.java:138)
	at com.google.cloud.datastore.emulator.impl.firestore.CloudFirestoreV1WriteStream.onNext(CloudFirestoreV1WriteStream.java:93)
	at com.google.cloud.datastore.emulator.impl.firestore.CloudFirestoreV1WriteStream.onNext(CloudFirestoreV1WriteStream.java:26)
	at io.grpc.stub.ServerCalls$StreamingServerCallHandler$StreamingServerCallListener.onMessage(ServerCalls.java:262)
	at io.grpc.ForwardingServerCallListener.onMessage(ForwardingServerCallListener.java:33)
	at io.grpc.Contexts$ContextualizedServerCallListener.onMessage(Contexts.java:76)
	at io.grpc.ForwardingServerCallListener.onMessage(ForwardingServerCallListener.java:33)
	at io.grpc.Contexts$ContextualizedServerCallListener.onMessage(Contexts.java:76)
	at io.grpc.internal.ServerCallImpl$ServerStreamListenerImpl.messagesAvailableInternal(ServerCallImpl.java:324)
	at io.grpc.internal.ServerCallImpl$ServerStreamListenerImpl.messagesAvailable(ServerCallImpl.java:309)
	at io.grpc.internal.ServerImpl$JumpToApplicationThreadServerStreamListener$1MessagesAvailable.runInContext(ServerImpl.java:833)
	at io.grpc.internal.ContextRunnable.run(ContextRunnable.java:37)
	at io.grpc.internal.SerializingExecutor.run(SerializingExecutor.java:133)
	at java.base/java.util.concurrent.ThreadPoolExecutor.runWorker(ThreadPoolExecutor.java:1136)
	at java.base/java.util.concurrent.ThreadPoolExecutor$Worker.run(ThreadPoolExecutor.java:635)
	at java.base/java.lang.Thread.run(Thread.java:833)

Multiple projectIds are not recommended in single project mode. Requested project ID compendium-tester, but the emulator is configured for dev-complexity-compendium. To opt-out of single project mode add/set the '"singleProjectMode": false' property in the firebase.json emulators config.
Multiple projectIds are not recommended in single project mode. Requested project ID compendium-tester, but the emulator is configured for dev-complexity-compendium. To opt-out of single project mode add/set the '"singleProjectMode": false' property in the firebase.json emulators config.
Multiple projectIds are not recommended in single project mode. Requested project ID compendium-tester, but the emulator is configured for dev-complexity-compendium. To opt-out of single project mode add/set the '"singleProjectMode": false' property in the firebase.json emulators config.
Nov 14, 2023 6:44:02 AM com.google.cloud.datastore.emulator.impl.util.WrappedStreamObserver onError
WARNING: Operation failed: 
evaluation error at L279:24 for 'create' @ L279, evaluation error at L280:24 for 'update' @ L280, false for 'create' @ L279
com.google.cloud.datastore.core.exception.DatastoreException: 
evaluation error at L279:24 for 'create' @ L279, evaluation error at L280:24 for 'update' @ L280, false for 'create' @ L279
	at com.google.cloud.datastore.core.exception.DatastoreException$Builder.build(DatastoreException.java:120)
	at com.google.cloud.datastore.emulator.impl.rules.EmulatorRulesAuthorizer.verboseError(EmulatorRulesAuthorizer.java:321)
	at com.google.cloud.datastore.emulator.impl.rules.EmulatorRulesAuthorizer.withVerboseErrors(EmulatorRulesAuthorizer.java:298)
	at com.google.cloud.datastore.emulator.impl.rules.EmulatorRulesAuthorizer.checkCommit(EmulatorRulesAuthorizer.java:130)
	at com.google.cloud.datastore.emulator.impl.firestore.CloudFirestoreV1.commitHelper(CloudFirestoreV1.java:1045)
	at com.google.cloud.datastore.emulator.impl.firestore.CloudFirestoreV1.internalCommit(CloudFirestoreV1.java:955)
	at com.google.cloud.datastore.emulator.impl.firestore.CloudFirestoreV1.internalCommit(CloudFirestoreV1.java:942)
	at com.google.cloud.datastore.emulator.impl.firestore.CloudFirestoreV1.write(CloudFirestoreV1.java:930)
	at com.google.cloud.datastore.emulator.impl.firestore.CloudFirestoreV1WriteStream.handleRequest(CloudFirestoreV1WriteStream.java:210)
	at com.google.cloud.datastore.emulator.impl.firestore.CloudFirestoreV1WriteStream.write(CloudFirestoreV1WriteStream.java:138)
	at com.google.cloud.datastore.emulator.impl.firestore.CloudFirestoreV1WriteStream.onNext(CloudFirestoreV1WriteStream.java:93)
	at com.google.cloud.datastore.emulator.impl.firestore.CloudFirestoreV1WriteStream.onNext(CloudFirestoreV1WriteStream.java:26)
	at io.grpc.stub.ServerCalls$StreamingServerCallHandler$StreamingServerCallListener.onMessage(ServerCalls.java:262)
	at io.grpc.ForwardingServerCallListener.onMessage(ForwardingServerCallListener.java:33)
	at io.grpc.Contexts$ContextualizedServerCallListener.onMessage(Contexts.java:76)
	at io.grpc.ForwardingServerCallListener.onMessage(ForwardingServerCallListener.java:33)
	at io.grpc.Contexts$ContextualizedServerCallListener.onMessage(Contexts.java:76)
	at io.grpc.internal.ServerCallImpl$ServerStreamListenerImpl.messagesAvailableInternal(ServerCallImpl.java:324)
	at io.grpc.internal.ServerCallImpl$ServerStreamListenerImpl.messagesAvailable(ServerCallImpl.java:309)
	at io.grpc.internal.ServerImpl$JumpToApplicationThreadServerStreamListener$1MessagesAvailable.runInContext(ServerImpl.java:833)
	at io.grpc.internal.ContextRunnable.run(ContextRunnable.java:37)
	at io.grpc.internal.SerializingExecutor.run(SerializingExecutor.java:133)
	at java.base/java.util.concurrent.ThreadPoolExecutor.runWorker(ThreadPoolExecutor.java:1136)
	at java.base/java.util.concurrent.ThreadPoolExecutor$Worker.run(ThreadPoolExecutor.java:635)
	at java.base/java.lang.Thread.run(Thread.java:833)

Multiple projectIds are not recommended in single project mode. Requested project ID compendium-tester, but the emulator is configured for dev-complexity-compendium. To opt-out of single project mode add/set the '"singleProjectMode": false' property in the firebase.json emulators config.
Multiple projectIds are not recommended in single project mode. Requested project ID compendium-tester, but the emulator is configured for dev-complexity-compendium. To opt-out of single project mode add/set the '"singleProjectMode": false' property in the firebase.json emulators config.
Multiple projectIds are not recommended in single project mode. Requested project ID compendium-tester, but the emulator is configured for dev-complexity-compendium. To opt-out of single project mode add/set the '"singleProjectMode": false' property in the firebase.json emulators config.
Multiple projectIds are not recommended in single project mode. Requested project ID compendium-tester, but the emulator is configured for dev-complexity-compendium. To opt-out of single project mode add/set the '"singleProjectMode": false' property in the firebase.json emulators config.
Multiple projectIds are not recommended in single project mode. Requested project ID compendium-tester, but the emulator is configured for dev-complexity-compendium. To opt-out of single project mode add/set the '"singleProjectMode": false' property in the firebase.json emulators config.
Multiple projectIds are not recommended in single project mode. Requested project ID compendium-tester, but the emulator is configured for dev-complexity-compendium. To opt-out of single project mode add/set the '"singleProjectMode": false' property in the firebase.json emulators config.
Multiple projectIds are not recommended in single project mode. Requested project ID compendium-tester, but the emulator is configured for dev-complexity-compendium. To opt-out of single project mode add/set the '"singleProjectMode": false' property in the firebase.json emulators config.
Multiple projectIds are not recommended in single project mode. Requested project ID compendium-tester, but the emulator is configured for dev-complexity-compendium. To opt-out of single project mode add/set the '"singleProjectMode": false' property in the firebase.json emulators config.
Multiple projectIds are not recommended in single project mode. Requested project ID compendium-tester, but the emulator is configured for dev-complexity-compendium. To opt-out of single project mode add/set the '"singleProjectMode": false' property in the firebase.json emulators config.
Multiple projectIds are not recommended in single project mode. Requested project ID compendium-tester, but the emulator is configured for dev-complexity-compendium. To opt-out of single project mode add/set the '"singleProjectMode": false' property in the firebase.json emulators config.
Multiple projectIds are not recommended in single project mode. Requested project ID compendium-tester, but the emulator is configured for dev-complexity-compendium. To opt-out of single project mode add/set the '"singleProjectMode": false' property in the firebase.json emulators config.
Multiple projectIds are not recommended in single project mode. Requested project ID compendium-tester, but the emulator is configured for dev-complexity-compendium. To opt-out of single project mode add/set the '"singleProjectMode": false' property in the firebase.json emulators config.
Nov 14, 2023 6:44:02 AM com.google.cloud.datastore.emulator.impl.util.WrappedStreamObserver onError
WARNING: Operation failed: 
evaluation error at L286:24 for 'update' @ L286, false for 'update' @ L286
com.google.cloud.datastore.core.exception.DatastoreException: 
evaluation error at L286:24 for 'update' @ L286, false for 'update' @ L286
	at com.google.cloud.datastore.core.exception.DatastoreException$Builder.build(DatastoreException.java:120)
	at com.google.cloud.datastore.emulator.impl.rules.EmulatorRulesAuthorizer.verboseError(EmulatorRulesAuthorizer.java:321)
	at com.google.cloud.datastore.emulator.impl.rules.EmulatorRulesAuthorizer.withVerboseErrors(EmulatorRulesAuthorizer.java:298)
	at com.google.cloud.datastore.emulator.impl.rules.EmulatorRulesAuthorizer.checkCommit(EmulatorRulesAuthorizer.java:130)
	at com.google.cloud.datastore.emulator.impl.firestore.CloudFirestoreV1.commitHelper(CloudFirestoreV1.java:1045)
	at com.google.cloud.datastore.emulator.impl.firestore.CloudFirestoreV1.internalCommit(CloudFirestoreV1.java:955)
	at com.google.cloud.datastore.emulator.impl.firestore.CloudFirestoreV1.internalCommit(CloudFirestoreV1.java:942)
	at com.google.cloud.datastore.emulator.impl.firestore.CloudFirestoreV1.write(CloudFirestoreV1.java:930)
	at com.google.cloud.datastore.emulator.impl.firestore.CloudFirestoreV1WriteStream.handleRequest(CloudFirestoreV1WriteStream.java:210)
	at com.google.cloud.datastore.emulator.impl.firestore.CloudFirestoreV1WriteStream.write(CloudFirestoreV1WriteStream.java:138)
	at com.google.cloud.datastore.emulator.impl.firestore.CloudFirestoreV1WriteStream.onNext(CloudFirestoreV1WriteStream.java:93)
	at com.google.cloud.datastore.emulator.impl.firestore.CloudFirestoreV1WriteStream.onNext(CloudFirestoreV1WriteStream.java:26)
	at io.grpc.stub.ServerCalls$StreamingServerCallHandler$StreamingServerCallListener.onMessage(ServerCalls.java:262)
	at io.grpc.ForwardingServerCallListener.onMessage(ForwardingServerCallListener.java:33)
	at io.grpc.Contexts$ContextualizedServerCallListener.onMessage(Contexts.java:76)
	at io.grpc.ForwardingServerCallListener.onMessage(ForwardingServerCallListener.java:33)
	at io.grpc.Contexts$ContextualizedServerCallListener.onMessage(Contexts.java:76)
	at io.grpc.internal.ServerCallImpl$ServerStreamListenerImpl.messagesAvailableInternal(ServerCallImpl.java:324)
	at io.grpc.internal.ServerCallImpl$ServerStreamListenerImpl.messagesAvailable(ServerCallImpl.java:309)
	at io.grpc.internal.ServerImpl$JumpToApplicationThreadServerStreamListener$1MessagesAvailable.runInContext(ServerImpl.java:833)
	at io.grpc.internal.ContextRunnable.run(ContextRunnable.java:37)
	at io.grpc.internal.SerializingExecutor.run(SerializingExecutor.java:133)
	at java.base/java.util.concurrent.ThreadPoolExecutor.runWorker(ThreadPoolExecutor.java:1136)
	at java.base/java.util.concurrent.ThreadPoolExecutor$Worker.run(ThreadPoolExecutor.java:635)
	at java.base/java.lang.Thread.run(Thread.java:833)

Multiple projectIds are not recommended in single project mode. Requested project ID compendium-tester, but the emulator is configured for dev-complexity-compendium. To opt-out of single project mode add/set the '"singleProjectMode": false' property in the firebase.json emulators config.
Multiple projectIds are not recommended in single project mode. Requested project ID compendium-tester, but the emulator is configured for dev-complexity-compendium. To opt-out of single project mode add/set the '"singleProjectMode": false' property in the firebase.json emulators config.
Multiple projectIds are not recommended in single project mode. Requested project ID compendium-tester, but the emulator is configured for dev-complexity-compendium. To opt-out of single project mode add/set the '"singleProjectMode": false' property in the firebase.json emulators config.
Multiple projectIds are not recommended in single project mode. Requested project ID compendium-tester, but the emulator is configured for dev-complexity-compendium. To opt-out of single project mode add/set the '"singleProjectMode": false' property in the firebase.json emulators config.
Multiple projectIds are not recommended in single project mode. Requested project ID compendium-tester, but the emulator is configured for dev-complexity-compendium. To opt-out of single project mode add/set the '"singleProjectMode": false' property in the firebase.json emulators config.
Multiple projectIds are not recommended in single project mode. Requested project ID compendium-tester, but the emulator is configured for dev-complexity-compendium. To opt-out of single project mode add/set the '"singleProjectMode": false' property in the firebase.json emulators config.
Nov 14, 2023 6:44:03 AM com.google.cloud.datastore.emulator.impl.util.WrappedStreamObserver onError
WARNING: Operation failed: 
false for 'create' @ L285, evaluation error at L286:24 for 'update' @ L286, false for 'create' @ L285
com.google.cloud.datastore.core.exception.DatastoreException: 
false for 'create' @ L285, evaluation error at L286:24 for 'update' @ L286, false for 'create' @ L285
	at com.google.cloud.datastore.core.exception.DatastoreException$Builder.build(DatastoreException.java:120)
	at com.google.cloud.datastore.emulator.impl.rules.EmulatorRulesAuthorizer.verboseError(EmulatorRulesAuthorizer.java:321)
	at com.google.cloud.datastore.emulator.impl.rules.EmulatorRulesAuthorizer.withVerboseErrors(EmulatorRulesAuthorizer.java:298)
	at com.google.cloud.datastore.emulator.impl.rules.EmulatorRulesAuthorizer.checkCommit(EmulatorRulesAuthorizer.java:130)
	at com.google.cloud.datastore.emulator.impl.firestore.CloudFirestoreV1.commitHelper(CloudFirestoreV1.java:1045)
	at com.google.cloud.datastore.emulator.impl.firestore.CloudFirestoreV1.internalCommit(CloudFirestoreV1.java:955)
	at com.google.cloud.datastore.emulator.impl.firestore.CloudFirestoreV1.internalCommit(CloudFirestoreV1.java:942)
	at com.google.cloud.datastore.emulator.impl.firestore.CloudFirestoreV1.write(CloudFirestoreV1.java:930)
	at com.google.cloud.datastore.emulator.impl.firestore.CloudFirestoreV1WriteStream.handleRequest(CloudFirestoreV1WriteStream.java:210)
	at com.google.cloud.datastore.emulator.impl.firestore.CloudFirestoreV1WriteStream.write(CloudFirestoreV1WriteStream.java:138)
	at com.google.cloud.datastore.emulator.impl.firestore.CloudFirestoreV1WriteStream.onNext(CloudFirestoreV1WriteStream.java:93)
	at com.google.cloud.datastore.emulator.impl.firestore.CloudFirestoreV1WriteStream.onNext(CloudFirestoreV1WriteStream.java:26)
	at io.grpc.stub.ServerCalls$StreamingServerCallHandler$StreamingServerCallListener.onMessage(ServerCalls.java:262)
	at io.grpc.ForwardingServerCallListener.onMessage(ForwardingServerCallListener.java:33)
	at io.grpc.Contexts$ContextualizedServerCallListener.onMessage(Contexts.java:76)
	at io.grpc.ForwardingServerCallListener.onMessage(ForwardingServerCallListener.java:33)
	at io.grpc.Contexts$ContextualizedServerCallListener.onMessage(Contexts.java:76)
	at io.grpc.internal.ServerCallImpl$ServerStreamListenerImpl.messagesAvailableInternal(ServerCallImpl.java:324)
	at io.grpc.internal.ServerCallImpl$ServerStreamListenerImpl.messagesAvailable(ServerCallImpl.java:309)
	at io.grpc.internal.ServerImpl$JumpToApplicationThreadServerStreamListener$1MessagesAvailable.runInContext(ServerImpl.java:833)
	at io.grpc.internal.ContextRunnable.run(ContextRunnable.java:37)
	at io.grpc.internal.SerializingExecutor.run(SerializingExecutor.java:133)
	at java.base/java.util.concurrent.ThreadPoolExecutor.runWorker(ThreadPoolExecutor.java:1136)
	at java.base/java.util.concurrent.ThreadPoolExecutor$Worker.run(ThreadPoolExecutor.java:635)
	at java.base/java.lang.Thread.run(Thread.java:833)

Multiple projectIds are not recommended in single project mode. Requested project ID compendium-tester, but the emulator is configured for dev-complexity-compendium. To opt-out of single project mode add/set the '"singleProjectMode": false' property in the firebase.json emulators config.
Multiple projectIds are not recommended in single project mode. Requested project ID compendium-tester, but the emulator is configured for dev-complexity-compendium. To opt-out of single project mode add/set the '"singleProjectMode": false' property in the firebase.json emulators config.
Multiple projectIds are not recommended in single project mode. Requested project ID compendium-tester, but the emulator is configured for dev-complexity-compendium. To opt-out of single project mode add/set the '"singleProjectMode": false' property in the firebase.json emulators config.
Nov 14, 2023 6:44:03 AM com.google.cloud.datastore.emulator.impl.util.WrappedStreamObserver onError
WARNING: Operation failed: 
evaluation error at L285:24 for 'create' @ L285, evaluation error at L286:24 for 'update' @ L286, false for 'create' @ L285
com.google.cloud.datastore.core.exception.DatastoreException: 
evaluation error at L285:24 for 'create' @ L285, evaluation error at L286:24 for 'update' @ L286, false for 'create' @ L285
	at com.google.cloud.datastore.core.exception.DatastoreException$Builder.build(DatastoreException.java:120)
	at com.google.cloud.datastore.emulator.impl.rules.EmulatorRulesAuthorizer.verboseError(EmulatorRulesAuthorizer.java:321)
	at com.google.cloud.datastore.emulator.impl.rules.EmulatorRulesAuthorizer.withVerboseErrors(EmulatorRulesAuthorizer.java:298)
	at com.google.cloud.datastore.emulator.impl.rules.EmulatorRulesAuthorizer.checkCommit(EmulatorRulesAuthorizer.java:130)
	at com.google.cloud.datastore.emulator.impl.firestore.CloudFirestoreV1.commitHelper(CloudFirestoreV1.java:1045)
	at com.google.cloud.datastore.emulator.impl.firestore.CloudFirestoreV1.internalCommit(CloudFirestoreV1.java:955)
	at com.google.cloud.datastore.emulator.impl.firestore.CloudFirestoreV1.internalCommit(CloudFirestoreV1.java:942)
	at com.google.cloud.datastore.emulator.impl.firestore.CloudFirestoreV1.write(CloudFirestoreV1.java:930)
	at com.google.cloud.datastore.emulator.impl.firestore.CloudFirestoreV1WriteStream.handleRequest(CloudFirestoreV1WriteStream.java:210)
	at com.google.cloud.datastore.emulator.impl.firestore.CloudFirestoreV1WriteStream.write(CloudFirestoreV1WriteStream.java:138)
	at com.google.cloud.datastore.emulator.impl.firestore.CloudFirestoreV1WriteStream.onNext(CloudFirestoreV1WriteStream.java:93)
	at com.google.cloud.datastore.emulator.impl.firestore.CloudFirestoreV1WriteStream.onNext(CloudFirestoreV1WriteStream.java:26)
	at io.grpc.stub.ServerCalls$StreamingServerCallHandler$StreamingServerCallListener.onMessage(ServerCalls.java:262)
	at io.grpc.ForwardingServerCallListener.onMessage(ForwardingServerCallListener.java:33)
	at io.grpc.Contexts$ContextualizedServerCallListener.onMessage(Contexts.java:76)
	at io.grpc.ForwardingServerCallListener.onMessage(ForwardingServerCallListener.java:33)
	at io.grpc.Contexts$ContextualizedServerCallListener.onMessage(Contexts.java:76)
	at io.grpc.internal.ServerCallImpl$ServerStreamListenerImpl.messagesAvailableInternal(ServerCallImpl.java:324)
	at io.grpc.internal.ServerCallImpl$ServerStreamListenerImpl.messagesAvailable(ServerCallImpl.java:309)
	at io.grpc.internal.ServerImpl$JumpToApplicationThreadServerStreamListener$1MessagesAvailable.runInContext(ServerImpl.java:833)
	at io.grpc.internal.ContextRunnable.run(ContextRunnable.java:37)
	at io.grpc.internal.SerializingExecutor.run(SerializingExecutor.java:133)
	at java.base/java.util.concurrent.ThreadPoolExecutor.runWorker(ThreadPoolExecutor.java:1136)
	at java.base/java.util.concurrent.ThreadPoolExecutor$Worker.run(ThreadPoolExecutor.java:635)
	at java.base/java.lang.Thread.run(Thread.java:833)

Multiple projectIds are not recommended in single project mode. Requested project ID compendium-tester, but the emulator is configured for dev-complexity-compendium. To opt-out of single project mode add/set the '"singleProjectMode": false' property in the firebase.json emulators config.
Multiple projectIds are not recommended in single project mode. Requested project ID compendium-tester, but the emulator is configured for dev-complexity-compendium. To opt-out of single project mode add/set the '"singleProjectMode": false' property in the firebase.json emulators config.
Multiple projectIds are not recommended in single project mode. Requested project ID compendium-tester, but the emulator is configured for dev-complexity-compendium. To opt-out of single project mode add/set the '"singleProjectMode": false' property in the firebase.json emulators config.
Multiple projectIds are not recommended in single project mode. Requested project ID compendium-tester, but the emulator is configured for dev-complexity-compendium. To opt-out of single project mode add/set the '"singleProjectMode": false' property in the firebase.json emulators config.
Multiple projectIds are not recommended in single project mode. Requested project ID compendium-tester, but the emulator is configured for dev-complexity-compendium. To opt-out of single project mode add/set the '"singleProjectMode": false' property in the firebase.json emulators config.
Multiple projectIds are not recommended in single project mode. Requested project ID compendium-tester, but the emulator is configured for dev-complexity-compendium. To opt-out of single project mode add/set the '"singleProjectMode": false' property in the firebase.json emulators config.
Nov 14, 2023 6:44:03 AM com.google.cloud.datastore.emulator.impl.util.WrappedStreamObserver onError
WARNING: Operation failed: 
evaluation error at L286:24 for 'update' @ L286, false for 'update' @ L286
com.google.cloud.datastore.core.exception.DatastoreException: 
evaluation error at L286:24 for 'update' @ L286, false for 'update' @ L286
	at com.google.cloud.datastore.core.exception.DatastoreException$Builder.build(DatastoreException.java:120)
	at com.google.cloud.datastore.emulator.impl.rules.EmulatorRulesAuthorizer.verboseError(EmulatorRulesAuthorizer.java:321)
	at com.google.cloud.datastore.emulator.impl.rules.EmulatorRulesAuthorizer.withVerboseErrors(EmulatorRulesAuthorizer.java:298)
	at com.google.cloud.datastore.emulator.impl.rules.EmulatorRulesAuthorizer.checkCommit(EmulatorRulesAuthorizer.java:130)
	at com.google.cloud.datastore.emulator.impl.firestore.CloudFirestoreV1.commitHelper(CloudFirestoreV1.java:1045)
	at com.google.cloud.datastore.emulator.impl.firestore.CloudFirestoreV1.internalCommit(CloudFirestoreV1.java:955)
	at com.google.cloud.datastore.emulator.impl.firestore.CloudFirestoreV1.internalCommit(CloudFirestoreV1.java:942)
	at com.google.cloud.datastore.emulator.impl.firestore.CloudFirestoreV1.write(CloudFirestoreV1.java:930)
	at com.google.cloud.datastore.emulator.impl.firestore.CloudFirestoreV1WriteStream.handleRequest(CloudFirestoreV1WriteStream.java:210)
	at com.google.cloud.datastore.emulator.impl.firestore.CloudFirestoreV1WriteStream.write(CloudFirestoreV1WriteStream.java:138)
	at com.google.cloud.datastore.emulator.impl.firestore.CloudFirestoreV1WriteStream.onNext(CloudFirestoreV1WriteStream.java:93)
	at com.google.cloud.datastore.emulator.impl.firestore.CloudFirestoreV1WriteStream.onNext(CloudFirestoreV1WriteStream.java:26)
	at io.grpc.stub.ServerCalls$StreamingServerCallHandler$StreamingServerCallListener.onMessage(ServerCalls.java:262)
	at io.grpc.ForwardingServerCallListener.onMessage(ForwardingServerCallListener.java:33)
	at io.grpc.Contexts$ContextualizedServerCallListener.onMessage(Contexts.java:76)
	at io.grpc.ForwardingServerCallListener.onMessage(ForwardingServerCallListener.java:33)
	at io.grpc.Contexts$ContextualizedServerCallListener.onMessage(Contexts.java:76)
	at io.grpc.internal.ServerCallImpl$ServerStreamListenerImpl.messagesAvailableInternal(ServerCallImpl.java:324)
	at io.grpc.internal.ServerCallImpl$ServerStreamListenerImpl.messagesAvailable(ServerCallImpl.java:309)
	at io.grpc.internal.ServerImpl$JumpToApplicationThreadServerStreamListener$1MessagesAvailable.runInContext(ServerImpl.java:833)
	at io.grpc.internal.ContextRunnable.run(ContextRunnable.java:37)
	at io.grpc.internal.SerializingExecutor.run(SerializingExecutor.java:133)
	at java.base/java.util.concurrent.ThreadPoolExecutor.runWorker(ThreadPoolExecutor.java:1136)
	at java.base/java.util.concurrent.ThreadPoolExecutor$Worker.run(ThreadPoolExecutor.java:635)
	at java.base/java.lang.Thread.run(Thread.java:833)

Multiple projectIds are not recommended in single project mode. Requested project ID compendium-tester, but the emulator is configured for dev-complexity-compendium. To opt-out of single project mode add/set the '"singleProjectMode": false' property in the firebase.json emulators config.
Multiple projectIds are not recommended in single project mode. Requested project ID compendium-tester, but the emulator is configured for dev-complexity-compendium. To opt-out of single project mode add/set the '"singleProjectMode": false' property in the firebase.json emulators config.
Multiple projectIds are not recommended in single project mode. Requested project ID compendium-tester, but the emulator is configured for dev-complexity-compendium. To opt-out of single project mode add/set the '"singleProjectMode": false' property in the firebase.json emulators config.
Multiple projectIds are not recommended in single project mode. Requested project ID compendium-tester, but the emulator is configured for dev-complexity-compendium. To opt-out of single project mode add/set the '"singleProjectMode": false' property in the firebase.json emulators config.
Multiple projectIds are not recommended in single project mode. Requested project ID compendium-tester, but the emulator is configured for dev-complexity-compendium. To opt-out of single project mode add/set the '"singleProjectMode": false' property in the firebase.json emulators config.
Multiple projectIds are not recommended in single project mode. Requested project ID compendium-tester, but the emulator is configured for dev-complexity-compendium. To opt-out of single project mode add/set the '"singleProjectMode": false' property in the firebase.json emulators config.
Nov 14, 2023 6:44:03 AM com.google.cloud.datastore.emulator.impl.util.WrappedStreamObserver onError
WARNING: Operation failed: 
false for 'create' @ L290, evaluation error at L291:24 for 'update' @ L291, false for 'create' @ L290
com.google.cloud.datastore.core.exception.DatastoreException: 
false for 'create' @ L290, evaluation error at L291:24 for 'update' @ L291, false for 'create' @ L290
	at com.google.cloud.datastore.core.exception.DatastoreException$Builder.build(DatastoreException.java:120)
	at com.google.cloud.datastore.emulator.impl.rules.EmulatorRulesAuthorizer.verboseError(EmulatorRulesAuthorizer.java:321)
	at com.google.cloud.datastore.emulator.impl.rules.EmulatorRulesAuthorizer.withVerboseErrors(EmulatorRulesAuthorizer.java:298)
	at com.google.cloud.datastore.emulator.impl.rules.EmulatorRulesAuthorizer.checkCommit(EmulatorRulesAuthorizer.java:130)
	at com.google.cloud.datastore.emulator.impl.firestore.CloudFirestoreV1.commitHelper(CloudFirestoreV1.java:1045)
	at com.google.cloud.datastore.emulator.impl.firestore.CloudFirestoreV1.internalCommit(CloudFirestoreV1.java:955)
	at com.google.cloud.datastore.emulator.impl.firestore.CloudFirestoreV1.internalCommit(CloudFirestoreV1.java:942)
	at com.google.cloud.datastore.emulator.impl.firestore.CloudFirestoreV1.write(CloudFirestoreV1.java:930)
	at com.google.cloud.datastore.emulator.impl.firestore.CloudFirestoreV1WriteStream.handleRequest(CloudFirestoreV1WriteStream.java:210)
	at com.google.cloud.datastore.emulator.impl.firestore.CloudFirestoreV1WriteStream.write(CloudFirestoreV1WriteStream.java:138)
	at com.google.cloud.datastore.emulator.impl.firestore.CloudFirestoreV1WriteStream.onNext(CloudFirestoreV1WriteStream.java:93)
	at com.google.cloud.datastore.emulator.impl.firestore.CloudFirestoreV1WriteStream.onNext(CloudFirestoreV1WriteStream.java:26)
	at io.grpc.stub.ServerCalls$StreamingServerCallHandler$StreamingServerCallListener.onMessage(ServerCalls.java:262)
	at io.grpc.ForwardingServerCallListener.onMessage(ForwardingServerCallListener.java:33)
	at io.grpc.Contexts$ContextualizedServerCallListener.onMessage(Contexts.java:76)
	at io.grpc.ForwardingServerCallListener.onMessage(ForwardingServerCallListener.java:33)
	at io.grpc.Contexts$ContextualizedServerCallListener.onMessage(Contexts.java:76)
	at io.grpc.internal.ServerCallImpl$ServerStreamListenerImpl.messagesAvailableInternal(ServerCallImpl.java:324)
	at io.grpc.internal.ServerCallImpl$ServerStreamListenerImpl.messagesAvailable(ServerCallImpl.java:309)
	at io.grpc.internal.ServerImpl$JumpToApplicationThreadServerStreamListener$1MessagesAvailable.runInContext(ServerImpl.java:833)
	at io.grpc.internal.ContextRunnable.run(ContextRunnable.java:37)
	at io.grpc.internal.SerializingExecutor.run(SerializingExecutor.java:133)
	at java.base/java.util.concurrent.ThreadPoolExecutor.runWorker(ThreadPoolExecutor.java:1136)
	at java.base/java.util.concurrent.ThreadPoolExecutor$Worker.run(ThreadPoolExecutor.java:635)
	at java.base/java.lang.Thread.run(Thread.java:833)

Multiple projectIds are not recommended in single project mode. Requested project ID compendium-tester, but the emulator is configured for dev-complexity-compendium. To opt-out of single project mode add/set the '"singleProjectMode": false' property in the firebase.json emulators config.
Multiple projectIds are not recommended in single project mode. Requested project ID compendium-tester, but the emulator is configured for dev-complexity-compendium. To opt-out of single project mode add/set the '"singleProjectMode": false' property in the firebase.json emulators config.
Multiple projectIds are not recommended in single project mode. Requested project ID compendium-tester, but the emulator is configured for dev-complexity-compendium. To opt-out of single project mode add/set the '"singleProjectMode": false' property in the firebase.json emulators config.
Multiple projectIds are not recommended in single project mode. Requested project ID compendium-tester, but the emulator is configured for dev-complexity-compendium. To opt-out of single project mode add/set the '"singleProjectMode": false' property in the firebase.json emulators config.
Multiple projectIds are not recommended in single project mode. Requested project ID compendium-tester, but the emulator is configured for dev-complexity-compendium. To opt-out of single project mode add/set the '"singleProjectMode": false' property in the firebase.json emulators config.
Multiple projectIds are not recommended in single project mode. Requested project ID compendium-tester, but the emulator is configured for dev-complexity-compendium. To opt-out of single project mode add/set the '"singleProjectMode": false' property in the firebase.json emulators config.
Nov 14, 2023 6:44:03 AM com.google.cloud.datastore.emulator.impl.util.WrappedStreamObserver onError
WARNING: Operation failed: 
evaluation error at L291:24 for 'update' @ L291, false for 'update' @ L291
com.google.cloud.datastore.core.exception.DatastoreException: 
evaluation error at L291:24 for 'update' @ L291, false for 'update' @ L291
	at com.google.cloud.datastore.core.exception.DatastoreException$Builder.build(DatastoreException.java:120)
	at com.google.cloud.datastore.emulator.impl.rules.EmulatorRulesAuthorizer.verboseError(EmulatorRulesAuthorizer.java:321)
	at com.google.cloud.datastore.emulator.impl.rules.EmulatorRulesAuthorizer.withVerboseErrors(EmulatorRulesAuthorizer.java:298)
	at com.google.cloud.datastore.emulator.impl.rules.EmulatorRulesAuthorizer.checkCommit(EmulatorRulesAuthorizer.java:130)
	at com.google.cloud.datastore.emulator.impl.firestore.CloudFirestoreV1.commitHelper(CloudFirestoreV1.java:1045)
	at com.google.cloud.datastore.emulator.impl.firestore.CloudFirestoreV1.internalCommit(CloudFirestoreV1.java:955)
	at com.google.cloud.datastore.emulator.impl.firestore.CloudFirestoreV1.internalCommit(CloudFirestoreV1.java:942)
	at com.google.cloud.datastore.emulator.impl.firestore.CloudFirestoreV1.write(CloudFirestoreV1.java:930)
	at com.google.cloud.datastore.emulator.impl.firestore.CloudFirestoreV1WriteStream.handleRequest(CloudFirestoreV1WriteStream.java:210)
	at com.google.cloud.datastore.emulator.impl.firestore.CloudFirestoreV1WriteStream.write(CloudFirestoreV1WriteStream.java:138)
	at com.google.cloud.datastore.emulator.impl.firestore.CloudFirestoreV1WriteStream.onNext(CloudFirestoreV1WriteStream.java:93)
	at com.google.cloud.datastore.emulator.impl.firestore.CloudFirestoreV1WriteStream.onNext(CloudFirestoreV1WriteStream.java:26)
	at io.grpc.stub.ServerCalls$StreamingServerCallHandler$StreamingServerCallListener.onMessage(ServerCalls.java:262)
	at io.grpc.ForwardingServerCallListener.onMessage(ForwardingServerCallListener.java:33)
	at io.grpc.Contexts$ContextualizedServerCallListener.onMessage(Contexts.java:76)
	at io.grpc.ForwardingServerCallListener.onMessage(ForwardingServerCallListener.java:33)
	at io.grpc.Contexts$ContextualizedServerCallListener.onMessage(Contexts.java:76)
	at io.grpc.internal.ServerCallImpl$ServerStreamListenerImpl.messagesAvailableInternal(ServerCallImpl.java:324)
	at io.grpc.internal.ServerCallImpl$ServerStreamListenerImpl.messagesAvailable(ServerCallImpl.java:309)
	at io.grpc.internal.ServerImpl$JumpToApplicationThreadServerStreamListener$1MessagesAvailable.runInContext(ServerImpl.java:833)
	at io.grpc.internal.ContextRunnable.run(ContextRunnable.java:37)
	at io.grpc.internal.SerializingExecutor.run(SerializingExecutor.java:133)
	at java.base/java.util.concurrent.ThreadPoolExecutor.runWorker(ThreadPoolExecutor.java:1136)
	at java.base/java.util.concurrent.ThreadPoolExecutor$Worker.run(ThreadPoolExecutor.java:635)
	at java.base/java.lang.Thread.run(Thread.java:833)

Multiple projectIds are not recommended in single project mode. Requested project ID compendium-tester, but the emulator is configured for dev-complexity-compendium. To opt-out of single project mode add/set the '"singleProjectMode": false' property in the firebase.json emulators config.
Multiple projectIds are not recommended in single project mode. Requested project ID compendium-tester, but the emulator is configured for dev-complexity-compendium. To opt-out of single project mode add/set the '"singleProjectMode": false' property in the firebase.json emulators config.
Multiple projectIds are not recommended in single project mode. Requested project ID compendium-tester, but the emulator is configured for dev-complexity-compendium. To opt-out of single project mode add/set the '"singleProjectMode": false' property in the firebase.json emulators config.
Multiple projectIds are not recommended in single project mode. Requested project ID compendium-tester, but the emulator is configured for dev-complexity-compendium. To opt-out of single project mode add/set the '"singleProjectMode": false' property in the firebase.json emulators config.
Multiple projectIds are not recommended in single project mode. Requested project ID compendium-tester, but the emulator is configured for dev-complexity-compendium. To opt-out of single project mode add/set the '"singleProjectMode": false' property in the firebase.json emulators config.
Multiple projectIds are not recommended in single project mode. Requested project ID compendium-tester, but the emulator is configured for dev-complexity-compendium. To opt-out of single project mode add/set the '"singleProjectMode": false' property in the firebase.json emulators config.
Nov 14, 2023 6:44:03 AM com.google.cloud.datastore.emulator.impl.util.WrappedStreamObserver onError
WARNING: Operation failed: 
evaluation error at L292:24 for 'delete' @ L292, false for 'delete' @ L292
com.google.cloud.datastore.core.exception.DatastoreException: 
evaluation error at L292:24 for 'delete' @ L292, false for 'delete' @ L292
	at com.google.cloud.datastore.core.exception.DatastoreException$Builder.build(DatastoreException.java:120)
	at com.google.cloud.datastore.emulator.impl.rules.EmulatorRulesAuthorizer.verboseError(EmulatorRulesAuthorizer.java:321)
	at com.google.cloud.datastore.emulator.impl.rules.EmulatorRulesAuthorizer.withVerboseErrors(EmulatorRulesAuthorizer.java:298)
	at com.google.cloud.datastore.emulator.impl.rules.EmulatorRulesAuthorizer.checkCommit(EmulatorRulesAuthorizer.java:130)
	at com.google.cloud.datastore.emulator.impl.firestore.CloudFirestoreV1.commitHelper(CloudFirestoreV1.java:1045)
	at com.google.cloud.datastore.emulator.impl.firestore.CloudFirestoreV1.internalCommit(CloudFirestoreV1.java:955)
	at com.google.cloud.datastore.emulator.impl.firestore.CloudFirestoreV1.internalCommit(CloudFirestoreV1.java:942)
	at com.google.cloud.datastore.emulator.impl.firestore.CloudFirestoreV1.write(CloudFirestoreV1.java:930)
	at com.google.cloud.datastore.emulator.impl.firestore.CloudFirestoreV1WriteStream.handleRequest(CloudFirestoreV1WriteStream.java:210)
	at com.google.cloud.datastore.emulator.impl.firestore.CloudFirestoreV1WriteStream.write(CloudFirestoreV1WriteStream.java:138)
	at com.google.cloud.datastore.emulator.impl.firestore.CloudFirestoreV1WriteStream.onNext(CloudFirestoreV1WriteStream.java:93)
	at com.google.cloud.datastore.emulator.impl.firestore.CloudFirestoreV1WriteStream.onNext(CloudFirestoreV1WriteStream.java:26)
	at io.grpc.stub.ServerCalls$StreamingServerCallHandler$StreamingServerCallListener.onMessage(ServerCalls.java:262)
	at io.grpc.ForwardingServerCallListener.onMessage(ForwardingServerCallListener.java:33)
	at io.grpc.Contexts$ContextualizedServerCallListener.onMessage(Contexts.java:76)
	at io.grpc.ForwardingServerCallListener.onMessage(ForwardingServerCallListener.java:33)
	at io.grpc.Contexts$ContextualizedServerCallListener.onMessage(Contexts.java:76)
	at io.grpc.internal.ServerCallImpl$ServerStreamListenerImpl.messagesAvailableInternal(ServerCallImpl.java:324)
	at io.grpc.internal.ServerCallImpl$ServerStreamListenerImpl.messagesAvailable(ServerCallImpl.java:309)
	at io.grpc.internal.ServerImpl$JumpToApplicationThreadServerStreamListener$1MessagesAvailable.runInContext(ServerImpl.java:833)
	at io.grpc.internal.ContextRunnable.run(ContextRunnable.java:37)
	at io.grpc.internal.SerializingExecutor.run(SerializingExecutor.java:133)
	at java.base/java.util.concurrent.ThreadPoolExecutor.runWorker(ThreadPoolExecutor.java:1136)
	at java.base/java.util.concurrent.ThreadPoolExecutor$Worker.run(ThreadPoolExecutor.java:635)
	at java.base/java.lang.Thread.run(Thread.java:833)

Multiple projectIds are not recommended in single project mode. Requested project ID compendium-tester, but the emulator is configured for dev-complexity-compendium. To opt-out of single project mode add/set the '"singleProjectMode": false' property in the firebase.json emulators config.
Multiple projectIds are not recommended in single project mode. Requested project ID compendium-tester, but the emulator is configured for dev-complexity-compendium. To opt-out of single project mode add/set the '"singleProjectMode": false' property in the firebase.json emulators config.
Multiple projectIds are not recommended in single project mode. Requested project ID compendium-tester, but the emulator is configured for dev-complexity-compendium. To opt-out of single project mode add/set the '"singleProjectMode": false' property in the firebase.json emulators config.
Multiple projectIds are not recommended in single project mode. Requested project ID compendium-tester, but the emulator is configured for dev-complexity-compendium. To opt-out of single project mode add/set the '"singleProjectMode": false' property in the firebase.json emulators config.
Multiple projectIds are not recommended in single project mode. Requested project ID compendium-tester, but the emulator is configured for dev-complexity-compendium. To opt-out of single project mode add/set the '"singleProjectMode": false' property in the firebase.json emulators config.
Multiple projectIds are not recommended in single project mode. Requested project ID compendium-tester, but the emulator is configured for dev-complexity-compendium. To opt-out of single project mode add/set the '"singleProjectMode": false' property in the firebase.json emulators config.
Multiple projectIds are not recommended in single project mode. Requested project ID compendium-tester, but the emulator is configured for dev-complexity-compendium. To opt-out of single project mode add/set the '"singleProjectMode": false' property in the firebase.json emulators config.
Multiple projectIds are not recommended in single project mode. Requested project ID compendium-tester, but the emulator is configured for dev-complexity-compendium. To opt-out of single project mode add/set the '"singleProjectMode": false' property in the firebase.json emulators config.
Multiple projectIds are not recommended in single project mode. Requested project ID compendium-tester, but the emulator is configured for dev-complexity-compendium. To opt-out of single project mode add/set the '"singleProjectMode": false' property in the firebase.json emulators config.
Multiple projectIds are not recommended in single project mode. Requested project ID compendium-tester, but the emulator is configured for dev-complexity-compendium. To opt-out of single project mode add/set the '"singleProjectMode": false' property in the firebase.json emulators config.
Multiple projectIds are not recommended in single project mode. Requested project ID compendium-tester, but the emulator is configured for dev-complexity-compendium. To opt-out of single project mode add/set the '"singleProjectMode": false' property in the firebase.json emulators config.
Multiple projectIds are not recommended in single project mode. Requested project ID compendium-tester, but the emulator is configured for dev-complexity-compendium. To opt-out of single project mode add/set the '"singleProjectMode": false' property in the firebase.json emulators config.
Nov 14, 2023 6:44:03 AM com.google.cloud.datastore.emulator.impl.util.WrappedStreamObserver onError
WARNING: Operation failed: 
false for 'create' @ L297, evaluation error at L298:24 for 'update' @ L298, false for 'create' @ L297
com.google.cloud.datastore.core.exception.DatastoreException: 
false for 'create' @ L297, evaluation error at L298:24 for 'update' @ L298, false for 'create' @ L297
	at com.google.cloud.datastore.core.exception.DatastoreException$Builder.build(DatastoreException.java:120)
	at com.google.cloud.datastore.emulator.impl.rules.EmulatorRulesAuthorizer.verboseError(EmulatorRulesAuthorizer.java:321)
	at com.google.cloud.datastore.emulator.impl.rules.EmulatorRulesAuthorizer.withVerboseErrors(EmulatorRulesAuthorizer.java:298)
	at com.google.cloud.datastore.emulator.impl.rules.EmulatorRulesAuthorizer.checkCommit(EmulatorRulesAuthorizer.java:130)
	at com.google.cloud.datastore.emulator.impl.firestore.CloudFirestoreV1.commitHelper(CloudFirestoreV1.java:1045)
	at com.google.cloud.datastore.emulator.impl.firestore.CloudFirestoreV1.internalCommit(CloudFirestoreV1.java:955)
	at com.google.cloud.datastore.emulator.impl.firestore.CloudFirestoreV1.internalCommit(CloudFirestoreV1.java:942)
	at com.google.cloud.datastore.emulator.impl.firestore.CloudFirestoreV1.write(CloudFirestoreV1.java:930)
	at com.google.cloud.datastore.emulator.impl.firestore.CloudFirestoreV1WriteStream.handleRequest(CloudFirestoreV1WriteStream.java:210)
	at com.google.cloud.datastore.emulator.impl.firestore.CloudFirestoreV1WriteStream.write(CloudFirestoreV1WriteStream.java:138)
	at com.google.cloud.datastore.emulator.impl.firestore.CloudFirestoreV1WriteStream.onNext(CloudFirestoreV1WriteStream.java:93)
	at com.google.cloud.datastore.emulator.impl.firestore.CloudFirestoreV1WriteStream.onNext(CloudFirestoreV1WriteStream.java:26)
	at io.grpc.stub.ServerCalls$StreamingServerCallHandler$StreamingServerCallListener.onMessage(ServerCalls.java:262)
	at io.grpc.ForwardingServerCallListener.onMessage(ForwardingServerCallListener.java:33)
	at io.grpc.Contexts$ContextualizedServerCallListener.onMessage(Contexts.java:76)
	at io.grpc.ForwardingServerCallListener.onMessage(ForwardingServerCallListener.java:33)
	at io.grpc.Contexts$ContextualizedServerCallListener.onMessage(Contexts.java:76)
	at io.grpc.internal.ServerCallImpl$ServerStreamListenerImpl.messagesAvailableInternal(ServerCallImpl.java:324)
	at io.grpc.internal.ServerCallImpl$ServerStreamListenerImpl.messagesAvailable(ServerCallImpl.java:309)
	at io.grpc.internal.ServerImpl$JumpToApplicationThreadServerStreamListener$1MessagesAvailable.runInContext(ServerImpl.java:833)
	at io.grpc.internal.ContextRunnable.run(ContextRunnable.java:37)
	at io.grpc.internal.SerializingExecutor.run(SerializingExecutor.java:133)
	at java.base/java.util.concurrent.ThreadPoolExecutor.runWorker(ThreadPoolExecutor.java:1136)
	at java.base/java.util.concurrent.ThreadPoolExecutor$Worker.run(ThreadPoolExecutor.java:635)
	at java.base/java.lang.Thread.run(Thread.java:833)

Multiple projectIds are not recommended in single project mode. Requested project ID compendium-tester, but the emulator is configured for dev-complexity-compendium. To opt-out of single project mode add/set the '"singleProjectMode": false' property in the firebase.json emulators config.
Multiple projectIds are not recommended in single project mode. Requested project ID compendium-tester, but the emulator is configured for dev-complexity-compendium. To opt-out of single project mode add/set the '"singleProjectMode": false' property in the firebase.json emulators config.
Multiple projectIds are not recommended in single project mode. Requested project ID compendium-tester, but the emulator is configured for dev-complexity-compendium. To opt-out of single project mode add/set the '"singleProjectMode": false' property in the firebase.json emulators config.
Multiple projectIds are not recommended in single project mode. Requested project ID compendium-tester, but the emulator is configured for dev-complexity-compendium. To opt-out of single project mode add/set the '"singleProjectMode": false' property in the firebase.json emulators config.
Multiple projectIds are not recommended in single project mode. Requested project ID compendium-tester, but the emulator is configured for dev-complexity-compendium. To opt-out of single project mode add/set the '"singleProjectMode": false' property in the firebase.json emulators config.
Multiple projectIds are not recommended in single project mode. Requested project ID compendium-tester, but the emulator is configured for dev-complexity-compendium. To opt-out of single project mode add/set the '"singleProjectMode": false' property in the firebase.json emulators config.
Nov 14, 2023 6:44:03 AM com.google.cloud.datastore.emulator.impl.util.WrappedStreamObserver onError
WARNING: Operation failed: 
evaluation error at L298:24 for 'update' @ L298, false for 'update' @ L298
com.google.cloud.datastore.core.exception.DatastoreException: 
evaluation error at L298:24 for 'update' @ L298, false for 'update' @ L298
	at com.google.cloud.datastore.core.exception.DatastoreException$Builder.build(DatastoreException.java:120)
	at com.google.cloud.datastore.emulator.impl.rules.EmulatorRulesAuthorizer.verboseError(EmulatorRulesAuthorizer.java:321)
	at com.google.cloud.datastore.emulator.impl.rules.EmulatorRulesAuthorizer.withVerboseErrors(EmulatorRulesAuthorizer.java:298)
	at com.google.cloud.datastore.emulator.impl.rules.EmulatorRulesAuthorizer.checkCommit(EmulatorRulesAuthorizer.java:130)
	at com.google.cloud.datastore.emulator.impl.firestore.CloudFirestoreV1.commitHelper(CloudFirestoreV1.java:1045)
	at com.google.cloud.datastore.emulator.impl.firestore.CloudFirestoreV1.internalCommit(CloudFirestoreV1.java:955)
	at com.google.cloud.datastore.emulator.impl.firestore.CloudFirestoreV1.internalCommit(CloudFirestoreV1.java:942)
	at com.google.cloud.datastore.emulator.impl.firestore.CloudFirestoreV1.write(CloudFirestoreV1.java:930)
	at com.google.cloud.datastore.emulator.impl.firestore.CloudFirestoreV1WriteStream.handleRequest(CloudFirestoreV1WriteStream.java:210)
	at com.google.cloud.datastore.emulator.impl.firestore.CloudFirestoreV1WriteStream.write(CloudFirestoreV1WriteStream.java:138)
	at com.google.cloud.datastore.emulator.impl.firestore.CloudFirestoreV1WriteStream.onNext(CloudFirestoreV1WriteStream.java:93)
	at com.google.cloud.datastore.emulator.impl.firestore.CloudFirestoreV1WriteStream.onNext(CloudFirestoreV1WriteStream.java:26)
	at io.grpc.stub.ServerCalls$StreamingServerCallHandler$StreamingServerCallListener.onMessage(ServerCalls.java:262)
	at io.grpc.ForwardingServerCallListener.onMessage(ForwardingServerCallListener.java:33)
	at io.grpc.Contexts$ContextualizedServerCallListener.onMessage(Contexts.java:76)
	at io.grpc.ForwardingServerCallListener.onMessage(ForwardingServerCallListener.java:33)
	at io.grpc.Contexts$ContextualizedServerCallListener.onMessage(Contexts.java:76)
	at io.grpc.internal.ServerCallImpl$ServerStreamListenerImpl.messagesAvailableInternal(ServerCallImpl.java:324)
	at io.grpc.internal.ServerCallImpl$ServerStreamListenerImpl.messagesAvailable(ServerCallImpl.java:309)
	at io.grpc.internal.ServerImpl$JumpToApplicationThreadServerStreamListener$1MessagesAvailable.runInContext(ServerImpl.java:833)
	at io.grpc.internal.ContextRunnable.run(ContextRunnable.java:37)
	at io.grpc.internal.SerializingExecutor.run(SerializingExecutor.java:133)
	at java.base/java.util.concurrent.ThreadPoolExecutor.runWorker(ThreadPoolExecutor.java:1136)
	at java.base/java.util.concurrent.ThreadPoolExecutor$Worker.run(ThreadPoolExecutor.java:635)
	at java.base/java.lang.Thread.run(Thread.java:833)

Multiple projectIds are not recommended in single project mode. Requested project ID compendium-tester, but the emulator is configured for dev-complexity-compendium. To opt-out of single project mode add/set the '"singleProjectMode": false' property in the firebase.json emulators config.
Multiple projectIds are not recommended in single project mode. Requested project ID compendium-tester, but the emulator is configured for dev-complexity-compendium. To opt-out of single project mode add/set the '"singleProjectMode": false' property in the firebase.json emulators config.
Multiple projectIds are not recommended in single project mode. Requested project ID compendium-tester, but the emulator is configured for dev-complexity-compendium. To opt-out of single project mode add/set the '"singleProjectMode": false' property in the firebase.json emulators config.
Multiple projectIds are not recommended in single project mode. Requested project ID compendium-tester, but the emulator is configured for dev-complexity-compendium. To opt-out of single project mode add/set the '"singleProjectMode": false' property in the firebase.json emulators config.
Multiple projectIds are not recommended in single project mode. Requested project ID compendium-tester, but the emulator is configured for dev-complexity-compendium. To opt-out of single project mode add/set the '"singleProjectMode": false' property in the firebase.json emulators config.
Multiple projectIds are not recommended in single project mode. Requested project ID compendium-tester, but the emulator is configured for dev-complexity-compendium. To opt-out of single project mode add/set the '"singleProjectMode": false' property in the firebase.json emulators config.
Nov 14, 2023 6:44:03 AM com.google.cloud.datastore.emulator.impl.util.WrappedStreamObserver onError
WARNING: Operation failed: 
evaluation error at L299:24 for 'delete' @ L299, false for 'delete' @ L299
com.google.cloud.datastore.core.exception.DatastoreException: 
evaluation error at L299:24 for 'delete' @ L299, false for 'delete' @ L299
	at com.google.cloud.datastore.core.exception.DatastoreException$Builder.build(DatastoreException.java:120)
	at com.google.cloud.datastore.emulator.impl.rules.EmulatorRulesAuthorizer.verboseError(EmulatorRulesAuthorizer.java:321)
	at com.google.cloud.datastore.emulator.impl.rules.EmulatorRulesAuthorizer.withVerboseErrors(EmulatorRulesAuthorizer.java:298)
	at com.google.cloud.datastore.emulator.impl.rules.EmulatorRulesAuthorizer.checkCommit(EmulatorRulesAuthorizer.java:130)
	at com.google.cloud.datastore.emulator.impl.firestore.CloudFirestoreV1.commitHelper(CloudFirestoreV1.java:1045)
	at com.google.cloud.datastore.emulator.impl.firestore.CloudFirestoreV1.internalCommit(CloudFirestoreV1.java:955)
	at com.google.cloud.datastore.emulator.impl.firestore.CloudFirestoreV1.internalCommit(CloudFirestoreV1.java:942)
	at com.google.cloud.datastore.emulator.impl.firestore.CloudFirestoreV1.write(CloudFirestoreV1.java:930)
	at com.google.cloud.datastore.emulator.impl.firestore.CloudFirestoreV1WriteStream.handleRequest(CloudFirestoreV1WriteStream.java:210)
	at com.google.cloud.datastore.emulator.impl.firestore.CloudFirestoreV1WriteStream.write(CloudFirestoreV1WriteStream.java:138)
	at com.google.cloud.datastore.emulator.impl.firestore.CloudFirestoreV1WriteStream.onNext(CloudFirestoreV1WriteStream.java:93)
	at com.google.cloud.datastore.emulator.impl.firestore.CloudFirestoreV1WriteStream.onNext(CloudFirestoreV1WriteStream.java:26)
	at io.grpc.stub.ServerCalls$StreamingServerCallHandler$StreamingServerCallListener.onMessage(ServerCalls.java:262)
	at io.grpc.ForwardingServerCallListener.onMessage(ForwardingServerCallListener.java:33)
	at io.grpc.Contexts$ContextualizedServerCallListener.onMessage(Contexts.java:76)
	at io.grpc.ForwardingServerCallListener.onMessage(ForwardingServerCallListener.java:33)
	at io.grpc.Contexts$ContextualizedServerCallListener.onMessage(Contexts.java:76)
	at io.grpc.internal.ServerCallImpl$ServerStreamListenerImpl.messagesAvailableInternal(ServerCallImpl.java:324)
	at io.grpc.internal.ServerCallImpl$ServerStreamListenerImpl.messagesAvailable(ServerCallImpl.java:309)
	at io.grpc.internal.ServerImpl$JumpToApplicationThreadServerStreamListener$1MessagesAvailable.runInContext(ServerImpl.java:833)
	at io.grpc.internal.ContextRunnable.run(ContextRunnable.java:37)
	at io.grpc.internal.SerializingExecutor.run(SerializingExecutor.java:133)
	at java.base/java.util.concurrent.ThreadPoolExecutor.runWorker(ThreadPoolExecutor.java:1136)
	at java.base/java.util.concurrent.ThreadPoolExecutor$Worker.run(ThreadPoolExecutor.java:635)
	at java.base/java.lang.Thread.run(Thread.java:833)

Multiple projectIds are not recommended in single project mode. Requested project ID compendium-tester, but the emulator is configured for dev-complexity-compendium. To opt-out of single project mode add/set the '"singleProjectMode": false' property in the firebase.json emulators config.
Multiple projectIds are not recommended in single project mode. Requested project ID compendium-tester, but the emulator is configured for dev-complexity-compendium. To opt-out of single project mode add/set the '"singleProjectMode": false' property in the firebase.json emulators config.
Multiple projectIds are not recommended in single project mode. Requested project ID compendium-tester, but the emulator is configured for dev-complexity-compendium. To opt-out of single project mode add/set the '"singleProjectMode": false' property in the firebase.json emulators config.
Multiple projectIds are not recommended in single project mode. Requested project ID compendium-tester, but the emulator is configured for dev-complexity-compendium. To opt-out of single project mode add/set the '"singleProjectMode": false' property in the firebase.json emulators config.
Multiple projectIds are not recommended in single project mode. Requested project ID compendium-tester, but the emulator is configured for dev-complexity-compendium. To opt-out of single project mode add/set the '"singleProjectMode": false' property in the firebase.json emulators config.
Multiple projectIds are not recommended in single project mode. Requested project ID compendium-tester, but the emulator is configured for dev-complexity-compendium. To opt-out of single project mode add/set the '"singleProjectMode": false' property in the firebase.json emulators config.
Multiple projectIds are not recommended in single project mode. Requested project ID compendium-tester, but the emulator is configured for dev-complexity-compendium. To opt-out of single project mode add/set the '"singleProjectMode": false' property in the firebase.json emulators config.
Multiple projectIds are not recommended in single project mode. Requested project ID compendium-tester, but the emulator is configured for dev-complexity-compendium. To opt-out of single project mode add/set the '"singleProjectMode": false' property in the firebase.json emulators config.
Multiple projectIds are not recommended in single project mode. Requested project ID compendium-tester, but the emulator is configured for dev-complexity-compendium. To opt-out of single project mode add/set the '"singleProjectMode": false' property in the firebase.json emulators config.
Multiple projectIds are not recommended in single project mode. Requested project ID compendium-tester, but the emulator is configured for dev-complexity-compendium. To opt-out of single project mode add/set the '"singleProjectMode": false' property in the firebase.json emulators config.
Multiple projectIds are not recommended in single project mode. Requested project ID compendium-tester, but the emulator is configured for dev-complexity-compendium. To opt-out of single project mode add/set the '"singleProjectMode": false' property in the firebase.json emulators config.
Multiple projectIds are not recommended in single project mode. Requested project ID compendium-tester, but the emulator is configured for dev-complexity-compendium. To opt-out of single project mode add/set the '"singleProjectMode": false' property in the firebase.json emulators config.
Nov 14, 2023 6:44:03 AM com.google.cloud.datastore.emulator.impl.util.WrappedStreamObserver onError
WARNING: Operation failed: No matching allow statements
com.google.cloud.datastore.core.exception.DatastoreException: No matching allow statements
	at com.google.cloud.datastore.core.exception.DatastoreException$Builder.build(DatastoreException.java:120)
	at com.google.cloud.datastore.emulator.impl.rules.EmulatorRulesAuthorizer.verboseError(EmulatorRulesAuthorizer.java:321)
	at com.google.cloud.datastore.emulator.impl.rules.EmulatorRulesAuthorizer.withVerboseErrors(EmulatorRulesAuthorizer.java:298)
	at com.google.cloud.datastore.emulator.impl.rules.EmulatorRulesAuthorizer.checkCommit(EmulatorRulesAuthorizer.java:130)
	at com.google.cloud.datastore.emulator.impl.firestore.CloudFirestoreV1.commitHelper(CloudFirestoreV1.java:1045)
	at com.google.cloud.datastore.emulator.impl.firestore.CloudFirestoreV1.internalCommit(CloudFirestoreV1.java:955)
	at com.google.cloud.datastore.emulator.impl.firestore.CloudFirestoreV1.internalCommit(CloudFirestoreV1.java:942)
	at com.google.cloud.datastore.emulator.impl.firestore.CloudFirestoreV1.write(CloudFirestoreV1.java:930)
	at com.google.cloud.datastore.emulator.impl.firestore.CloudFirestoreV1WriteStream.handleRequest(CloudFirestoreV1WriteStream.java:210)
	at com.google.cloud.datastore.emulator.impl.firestore.CloudFirestoreV1WriteStream.write(CloudFirestoreV1WriteStream.java:138)
	at com.google.cloud.datastore.emulator.impl.firestore.CloudFirestoreV1WriteStream.onNext(CloudFirestoreV1WriteStream.java:93)
	at com.google.cloud.datastore.emulator.impl.firestore.CloudFirestoreV1WriteStream.onNext(CloudFirestoreV1WriteStream.java:26)
	at io.grpc.stub.ServerCalls$StreamingServerCallHandler$StreamingServerCallListener.onMessage(ServerCalls.java:262)
	at io.grpc.ForwardingServerCallListener.onMessage(ForwardingServerCallListener.java:33)
	at io.grpc.Contexts$ContextualizedServerCallListener.onMessage(Contexts.java:76)
	at io.grpc.ForwardingServerCallListener.onMessage(ForwardingServerCallListener.java:33)
	at io.grpc.Contexts$ContextualizedServerCallListener.onMessage(Contexts.java:76)
	at io.grpc.internal.ServerCallImpl$ServerStreamListenerImpl.messagesAvailableInternal(ServerCallImpl.java:324)
	at io.grpc.internal.ServerCallImpl$ServerStreamListenerImpl.messagesAvailable(ServerCallImpl.java:309)
	at io.grpc.internal.ServerImpl$JumpToApplicationThreadServerStreamListener$1MessagesAvailable.runInContext(ServerImpl.java:833)
	at io.grpc.internal.ContextRunnable.run(ContextRunnable.java:37)
	at io.grpc.internal.SerializingExecutor.run(SerializingExecutor.java:133)
	at java.base/java.util.concurrent.ThreadPoolExecutor.runWorker(ThreadPoolExecutor.java:1136)
	at java.base/java.util.concurrent.ThreadPoolExecutor$Worker.run(ThreadPoolExecutor.java:635)
	at java.base/java.lang.Thread.run(Thread.java:833)

Multiple projectIds are not recommended in single project mode. Requested project ID compendium-tester, but the emulator is configured for dev-complexity-compendium. To opt-out of single project mode add/set the '"singleProjectMode": false' property in the firebase.json emulators config.
Multiple projectIds are not recommended in single project mode. Requested project ID compendium-tester, but the emulator is configured for dev-complexity-compendium. To opt-out of single project mode add/set the '"singleProjectMode": false' property in the firebase.json emulators config.
Multiple projectIds are not recommended in single project mode. Requested project ID compendium-tester, but the emulator is configured for dev-complexity-compendium. To opt-out of single project mode add/set the '"singleProjectMode": false' property in the firebase.json emulators config.
Multiple projectIds are not recommended in single project mode. Requested project ID compendium-tester, but the emulator is configured for dev-complexity-compendium. To opt-out of single project mode add/set the '"singleProjectMode": false' property in the firebase.json emulators config.
Multiple projectIds are not recommended in single project mode. Requested project ID compendium-tester, but the emulator is configured for dev-complexity-compendium. To opt-out of single project mode add/set the '"singleProjectMode": false' property in the firebase.json emulators config.
Multiple projectIds are not recommended in single project mode. Requested project ID compendium-tester, but the emulator is configured for dev-complexity-compendium. To opt-out of single project mode add/set the '"singleProjectMode": false' property in the firebase.json emulators config.
Nov 14, 2023 6:44:03 AM com.google.cloud.datastore.emulator.impl.util.WrappedStreamObserver onError
WARNING: Operation failed: 
false for 'create' @ L308, evaluation error at L309:24 for 'update' @ L309, false for 'update' @ L309
com.google.cloud.datastore.core.exception.DatastoreException: 
false for 'create' @ L308, evaluation error at L309:24 for 'update' @ L309, false for 'update' @ L309
	at com.google.cloud.datastore.core.exception.DatastoreException$Builder.build(DatastoreException.java:120)
	at com.google.cloud.datastore.emulator.impl.rules.EmulatorRulesAuthorizer.verboseError(EmulatorRulesAuthorizer.java:321)
	at com.google.cloud.datastore.emulator.impl.rules.EmulatorRulesAuthorizer.withVerboseErrors(EmulatorRulesAuthorizer.java:298)
	at com.google.cloud.datastore.emulator.impl.rules.EmulatorRulesAuthorizer.checkCommit(EmulatorRulesAuthorizer.java:130)
	at com.google.cloud.datastore.emulator.impl.firestore.CloudFirestoreV1.commitHelper(CloudFirestoreV1.java:1045)
	at com.google.cloud.datastore.emulator.impl.firestore.CloudFirestoreV1.internalCommit(CloudFirestoreV1.java:955)
	at com.google.cloud.datastore.emulator.impl.firestore.CloudFirestoreV1.internalCommit(CloudFirestoreV1.java:942)
	at com.google.cloud.datastore.emulator.impl.firestore.CloudFirestoreV1.write(CloudFirestoreV1.java:930)
	at com.google.cloud.datastore.emulator.impl.firestore.CloudFirestoreV1WriteStream.handleRequest(CloudFirestoreV1WriteStream.java:210)
	at com.google.cloud.datastore.emulator.impl.firestore.CloudFirestoreV1WriteStream.write(CloudFirestoreV1WriteStream.java:138)
	at com.google.cloud.datastore.emulator.impl.firestore.CloudFirestoreV1WriteStream.onNext(CloudFirestoreV1WriteStream.java:93)
	at com.google.cloud.datastore.emulator.impl.firestore.CloudFirestoreV1WriteStream.onNext(CloudFirestoreV1WriteStream.java:26)
	at io.grpc.stub.ServerCalls$StreamingServerCallHandler$StreamingServerCallListener.onMessage(ServerCalls.java:262)
	at io.grpc.ForwardingServerCallListener.onMessage(ForwardingServerCallListener.java:33)
	at io.grpc.Contexts$ContextualizedServerCallListener.onMessage(Contexts.java:76)
	at io.grpc.ForwardingServerCallListener.onMessage(ForwardingServerCallListener.java:33)
	at io.grpc.Contexts$ContextualizedServerCallListener.onMessage(Contexts.java:76)
	at io.grpc.internal.ServerCallImpl$ServerStreamListenerImpl.messagesAvailableInternal(ServerCallImpl.java:324)
	at io.grpc.internal.ServerCallImpl$ServerStreamListenerImpl.messagesAvailable(ServerCallImpl.java:309)
	at io.grpc.internal.ServerImpl$JumpToApplicationThreadServerStreamListener$1MessagesAvailable.runInContext(ServerImpl.java:833)
	at io.grpc.internal.ContextRunnable.run(ContextRunnable.java:37)
	at io.grpc.internal.SerializingExecutor.run(SerializingExecutor.java:133)
	at java.base/java.util.concurrent.ThreadPoolExecutor.runWorker(ThreadPoolExecutor.java:1136)
	at java.base/java.util.concurrent.ThreadPoolExecutor$Worker.run(ThreadPoolExecutor.java:635)
	at java.base/java.lang.Thread.run(Thread.java:833)

Multiple projectIds are not recommended in single project mode. Requested project ID compendium-tester, but the emulator is configured for dev-complexity-compendium. To opt-out of single project mode add/set the '"singleProjectMode": false' property in the firebase.json emulators config.
Multiple projectIds are not recommended in single project mode. Requested project ID compendium-tester, but the emulator is configured for dev-complexity-compendium. To opt-out of single project mode add/set the '"singleProjectMode": false' property in the firebase.json emulators config.
Multiple projectIds are not recommended in single project mode. Requested project ID compendium-tester, but the emulator is configured for dev-complexity-compendium. To opt-out of single project mode add/set the '"singleProjectMode": false' property in the firebase.json emulators config.
Multiple projectIds are not recommended in single project mode. Requested project ID compendium-tester, but the emulator is configured for dev-complexity-compendium. To opt-out of single project mode add/set the '"singleProjectMode": false' property in the firebase.json emulators config.
Multiple projectIds are not recommended in single project mode. Requested project ID compendium-tester, but the emulator is configured for dev-complexity-compendium. To opt-out of single project mode add/set the '"singleProjectMode": false' property in the firebase.json emulators config.
Multiple projectIds are not recommended in single project mode. Requested project ID compendium-tester, but the emulator is configured for dev-complexity-compendium. To opt-out of single project mode add/set the '"singleProjectMode": false' property in the firebase.json emulators config.
Nov 14, 2023 6:44:03 AM com.google.cloud.datastore.emulator.impl.util.WrappedStreamObserver onError
WARNING: Operation failed: 
evaluation error at L309:24 for 'update' @ L309, false for 'update' @ L309
com.google.cloud.datastore.core.exception.DatastoreException: 
evaluation error at L309:24 for 'update' @ L309, false for 'update' @ L309
	at com.google.cloud.datastore.core.exception.DatastoreException$Builder.build(DatastoreException.java:120)
	at com.google.cloud.datastore.emulator.impl.rules.EmulatorRulesAuthorizer.verboseError(EmulatorRulesAuthorizer.java:321)
	at com.google.cloud.datastore.emulator.impl.rules.EmulatorRulesAuthorizer.withVerboseErrors(EmulatorRulesAuthorizer.java:298)
	at com.google.cloud.datastore.emulator.impl.rules.EmulatorRulesAuthorizer.checkCommit(EmulatorRulesAuthorizer.java:130)
	at com.google.cloud.datastore.emulator.impl.firestore.CloudFirestoreV1.commitHelper(CloudFirestoreV1.java:1045)
	at com.google.cloud.datastore.emulator.impl.firestore.CloudFirestoreV1.internalCommit(CloudFirestoreV1.java:955)
	at com.google.cloud.datastore.emulator.impl.firestore.CloudFirestoreV1.internalCommit(CloudFirestoreV1.java:942)
	at com.google.cloud.datastore.emulator.impl.firestore.CloudFirestoreV1.write(CloudFirestoreV1.java:930)
	at com.google.cloud.datastore.emulator.impl.firestore.CloudFirestoreV1WriteStream.handleRequest(CloudFirestoreV1WriteStream.java:210)
	at com.google.cloud.datastore.emulator.impl.firestore.CloudFirestoreV1WriteStream.write(CloudFirestoreV1WriteStream.java:138)
	at com.google.cloud.datastore.emulator.impl.firestore.CloudFirestoreV1WriteStream.onNext(CloudFirestoreV1WriteStream.java:93)
	at com.google.cloud.datastore.emulator.impl.firestore.CloudFirestoreV1WriteStream.onNext(CloudFirestoreV1WriteStream.java:26)
	at io.grpc.stub.ServerCalls$StreamingServerCallHandler$StreamingServerCallListener.onMessage(ServerCalls.java:262)
	at io.grpc.ForwardingServerCallListener.onMessage(ForwardingServerCallListener.java:33)
	at io.grpc.Contexts$ContextualizedServerCallListener.onMessage(Contexts.java:76)
	at io.grpc.ForwardingServerCallListener.onMessage(ForwardingServerCallListener.java:33)
	at io.grpc.Contexts$ContextualizedServerCallListener.onMessage(Contexts.java:76)
	at io.grpc.internal.ServerCallImpl$ServerStreamListenerImpl.messagesAvailableInternal(ServerCallImpl.java:324)
	at io.grpc.internal.ServerCallImpl$ServerStreamListenerImpl.messagesAvailable(ServerCallImpl.java:309)
	at io.grpc.internal.ServerImpl$JumpToApplicationThreadServerStreamListener$1MessagesAvailable.runInContext(ServerImpl.java:833)
	at io.grpc.internal.ContextRunnable.run(ContextRunnable.java:37)
	at io.grpc.internal.SerializingExecutor.run(SerializingExecutor.java:133)
	at java.base/java.util.concurrent.ThreadPoolExecutor.runWorker(ThreadPoolExecutor.java:1136)
	at java.base/java.util.concurrent.ThreadPoolExecutor$Worker.run(ThreadPoolExecutor.java:635)
	at java.base/java.lang.Thread.run(Thread.java:833)

Multiple projectIds are not recommended in single project mode. Requested project ID compendium-tester, but the emulator is configured for dev-complexity-compendium. To opt-out of single project mode add/set the '"singleProjectMode": false' property in the firebase.json emulators config.
Multiple projectIds are not recommended in single project mode. Requested project ID compendium-tester, but the emulator is configured for dev-complexity-compendium. To opt-out of single project mode add/set the '"singleProjectMode": false' property in the firebase.json emulators config.
Multiple projectIds are not recommended in single project mode. Requested project ID compendium-tester, but the emulator is configured for dev-complexity-compendium. To opt-out of single project mode add/set the '"singleProjectMode": false' property in the firebase.json emulators config.
Multiple projectIds are not recommended in single project mode. Requested project ID compendium-tester, but the emulator is configured for dev-complexity-compendium. To opt-out of single project mode add/set the '"singleProjectMode": false' property in the firebase.json emulators config.
Multiple projectIds are not recommended in single project mode. Requested project ID compendium-tester, but the emulator is configured for dev-complexity-compendium. To opt-out of single project mode add/set the '"singleProjectMode": false' property in the firebase.json emulators config.
Multiple projectIds are not recommended in single project mode. Requested project ID compendium-tester, but the emulator is configured for dev-complexity-compendium. To opt-out of single project mode add/set the '"singleProjectMode": false' property in the firebase.json emulators config.
Nov 14, 2023 6:44:03 AM com.google.cloud.datastore.emulator.impl.util.WrappedStreamObserver onError
WARNING: Operation failed: 
evaluation error at L310:24 for 'delete' @ L310, false for 'delete' @ L310
com.google.cloud.datastore.core.exception.DatastoreException: 
evaluation error at L310:24 for 'delete' @ L310, false for 'delete' @ L310
	at com.google.cloud.datastore.core.exception.DatastoreException$Builder.build(DatastoreException.java:120)
	at com.google.cloud.datastore.emulator.impl.rules.EmulatorRulesAuthorizer.verboseError(EmulatorRulesAuthorizer.java:321)
	at com.google.cloud.datastore.emulator.impl.rules.EmulatorRulesAuthorizer.withVerboseErrors(EmulatorRulesAuthorizer.java:298)
	at com.google.cloud.datastore.emulator.impl.rules.EmulatorRulesAuthorizer.checkCommit(EmulatorRulesAuthorizer.java:130)
	at com.google.cloud.datastore.emulator.impl.firestore.CloudFirestoreV1.commitHelper(CloudFirestoreV1.java:1045)
	at com.google.cloud.datastore.emulator.impl.firestore.CloudFirestoreV1.internalCommit(CloudFirestoreV1.java:955)
	at com.google.cloud.datastore.emulator.impl.firestore.CloudFirestoreV1.internalCommit(CloudFirestoreV1.java:942)
	at com.google.cloud.datastore.emulator.impl.firestore.CloudFirestoreV1.write(CloudFirestoreV1.java:930)
	at com.google.cloud.datastore.emulator.impl.firestore.CloudFirestoreV1WriteStream.handleRequest(CloudFirestoreV1WriteStream.java:210)
	at com.google.cloud.datastore.emulator.impl.firestore.CloudFirestoreV1WriteStream.write(CloudFirestoreV1WriteStream.java:138)
	at com.google.cloud.datastore.emulator.impl.firestore.CloudFirestoreV1WriteStream.onNext(CloudFirestoreV1WriteStream.java:93)
	at com.google.cloud.datastore.emulator.impl.firestore.CloudFirestoreV1WriteStream.onNext(CloudFirestoreV1WriteStream.java:26)
	at io.grpc.stub.ServerCalls$StreamingServerCallHandler$StreamingServerCallListener.onMessage(ServerCalls.java:262)
	at io.grpc.ForwardingServerCallListener.onMessage(ForwardingServerCallListener.java:33)
	at io.grpc.Contexts$ContextualizedServerCallListener.onMessage(Contexts.java:76)
	at io.grpc.ForwardingServerCallListener.onMessage(ForwardingServerCallListener.java:33)
	at io.grpc.Contexts$ContextualizedServerCallListener.onMessage(Contexts.java:76)
	at io.grpc.internal.ServerCallImpl$ServerStreamListenerImpl.messagesAvailableInternal(ServerCallImpl.java:324)
	at io.grpc.internal.ServerCallImpl$ServerStreamListenerImpl.messagesAvailable(ServerCallImpl.java:309)
	at io.grpc.internal.ServerImpl$JumpToApplicationThreadServerStreamListener$1MessagesAvailable.runInContext(ServerImpl.java:833)
	at io.grpc.internal.ContextRunnable.run(ContextRunnable.java:37)
	at io.grpc.internal.SerializingExecutor.run(SerializingExecutor.java:133)
	at java.base/java.util.concurrent.ThreadPoolExecutor.runWorker(ThreadPoolExecutor.java:1136)
	at java.base/java.util.concurrent.ThreadPoolExecutor$Worker.run(ThreadPoolExecutor.java:635)
	at java.base/java.lang.Thread.run(Thread.java:833)

Multiple projectIds are not recommended in single project mode. Requested project ID compendium-tester, but the emulator is configured for dev-complexity-compendium. To opt-out of single project mode add/set the '"singleProjectMode": false' property in the firebase.json emulators config.
Multiple projectIds are not recommended in single project mode. Requested project ID compendium-tester, but the emulator is configured for dev-complexity-compendium. To opt-out of single project mode add/set the '"singleProjectMode": false' property in the firebase.json emulators config.
Multiple projectIds are not recommended in single project mode. Requested project ID compendium-tester, but the emulator is configured for dev-complexity-compendium. To opt-out of single project mode add/set the '"singleProjectMode": false' property in the firebase.json emulators config.
Multiple projectIds are not recommended in single project mode. Requested project ID compendium-tester, but the emulator is configured for dev-complexity-compendium. To opt-out of single project mode add/set the '"singleProjectMode": false' property in the firebase.json emulators config.
Multiple projectIds are not recommended in single project mode. Requested project ID compendium-tester, but the emulator is configured for dev-complexity-compendium. To opt-out of single project mode add/set the '"singleProjectMode": false' property in the firebase.json emulators config.
Multiple projectIds are not recommended in single project mode. Requested project ID compendium-tester, but the emulator is configured for dev-complexity-compendium. To opt-out of single project mode add/set the '"singleProjectMode": false' property in the firebase.json emulators config.
Multiple projectIds are not recommended in single project mode. Requested project ID compendium-tester, but the emulator is configured for dev-complexity-compendium. To opt-out of single project mode add/set the '"singleProjectMode": false' property in the firebase.json emulators config.
Multiple projectIds are not recommended in single project mode. Requested project ID compendium-tester, but the emulator is configured for dev-complexity-compendium. To opt-out of single project mode add/set the '"singleProjectMode": false' property in the firebase.json emulators config.
Multiple projectIds are not recommended in single project mode. Requested project ID compendium-tester, but the emulator is configured for dev-complexity-compendium. To opt-out of single project mode add/set the '"singleProjectMode": false' property in the firebase.json emulators config.
Multiple projectIds are not recommended in single project mode. Requested project ID compendium-tester, but the emulator is configured for dev-complexity-compendium. To opt-out of single project mode add/set the '"singleProjectMode": false' property in the firebase.json emulators config.
Multiple projectIds are not recommended in single project mode. Requested project ID compendium-tester, but the emulator is configured for dev-complexity-compendium. To opt-out of single project mode add/set the '"singleProjectMode": false' property in the firebase.json emulators config.
Multiple projectIds are not recommended in single project mode. Requested project ID compendium-tester, but the emulator is configured for dev-complexity-compendium. To opt-out of single project mode add/set the '"singleProjectMode": false' property in the firebase.json emulators config.
Multiple projectIds are not recommended in single project mode. Requested project ID compendium-tester, but the emulator is configured for dev-complexity-compendium. To opt-out of single project mode add/set the '"singleProjectMode": false' property in the firebase.json emulators config.
Multiple projectIds are not recommended in single project mode. Requested project ID compendium-tester, but the emulator is configured for dev-complexity-compendium. To opt-out of single project mode add/set the '"singleProjectMode": false' property in the firebase.json emulators config.
Multiple projectIds are not recommended in single project mode. Requested project ID compendium-tester, but the emulator is configured for dev-complexity-compendium. To opt-out of single project mode add/set the '"singleProjectMode": false' property in the firebase.json emulators config.
Multiple projectIds are not recommended in single project mode. Requested project ID compendium-tester, but the emulator is configured for dev-complexity-compendium. To opt-out of single project mode add/set the '"singleProjectMode": false' property in the firebase.json emulators config.
Multiple projectIds are not recommended in single project mode. Requested project ID compendium-tester, but the emulator is configured for dev-complexity-compendium. To opt-out of single project mode add/set the '"singleProjectMode": false' property in the firebase.json emulators config.
Multiple projectIds are not recommended in single project mode. Requested project ID compendium-tester, but the emulator is configured for dev-complexity-compendium. To opt-out of single project mode add/set the '"singleProjectMode": false' property in the firebase.json emulators config.
Nov 14, 2023 6:44:04 AM com.google.cloud.datastore.emulator.impl.util.WrappedStreamObserver onError
WARNING: Operation failed: 
false for 'create' @ L316, false for 'update' @ L316
com.google.cloud.datastore.core.exception.DatastoreException: 
false for 'create' @ L316, false for 'update' @ L316
	at com.google.cloud.datastore.core.exception.DatastoreException$Builder.build(DatastoreException.java:120)
	at com.google.cloud.datastore.emulator.impl.rules.EmulatorRulesAuthorizer.verboseError(EmulatorRulesAuthorizer.java:321)
	at com.google.cloud.datastore.emulator.impl.rules.EmulatorRulesAuthorizer.withVerboseErrors(EmulatorRulesAuthorizer.java:298)
	at com.google.cloud.datastore.emulator.impl.rules.EmulatorRulesAuthorizer.checkCommit(EmulatorRulesAuthorizer.java:130)
	at com.google.cloud.datastore.emulator.impl.firestore.CloudFirestoreV1.commitHelper(CloudFirestoreV1.java:1045)
	at com.google.cloud.datastore.emulator.impl.firestore.CloudFirestoreV1.internalCommit(CloudFirestoreV1.java:955)
	at com.google.cloud.datastore.emulator.impl.firestore.CloudFirestoreV1.internalCommit(CloudFirestoreV1.java:942)
	at com.google.cloud.datastore.emulator.impl.firestore.CloudFirestoreV1.write(CloudFirestoreV1.java:930)
	at com.google.cloud.datastore.emulator.impl.firestore.CloudFirestoreV1WriteStream.handleRequest(CloudFirestoreV1WriteStream.java:210)
	at com.google.cloud.datastore.emulator.impl.firestore.CloudFirestoreV1WriteStream.write(CloudFirestoreV1WriteStream.java:138)
	at com.google.cloud.datastore.emulator.impl.firestore.CloudFirestoreV1WriteStream.onNext(CloudFirestoreV1WriteStream.java:93)
	at com.google.cloud.datastore.emulator.impl.firestore.CloudFirestoreV1WriteStream.onNext(CloudFirestoreV1WriteStream.java:26)
	at io.grpc.stub.ServerCalls$StreamingServerCallHandler$StreamingServerCallListener.onMessage(ServerCalls.java:262)
	at io.grpc.ForwardingServerCallListener.onMessage(ForwardingServerCallListener.java:33)
	at io.grpc.Contexts$ContextualizedServerCallListener.onMessage(Contexts.java:76)
	at io.grpc.ForwardingServerCallListener.onMessage(ForwardingServerCallListener.java:33)
	at io.grpc.Contexts$ContextualizedServerCallListener.onMessage(Contexts.java:76)
	at io.grpc.internal.ServerCallImpl$ServerStreamListenerImpl.messagesAvailableInternal(ServerCallImpl.java:324)
	at io.grpc.internal.ServerCallImpl$ServerStreamListenerImpl.messagesAvailable(ServerCallImpl.java:309)
	at io.grpc.internal.ServerImpl$JumpToApplicationThreadServerStreamListener$1MessagesAvailable.runInContext(ServerImpl.java:833)
	at io.grpc.internal.ContextRunnable.run(ContextRunnable.java:37)
	at io.grpc.internal.SerializingExecutor.run(SerializingExecutor.java:133)
	at java.base/java.util.concurrent.ThreadPoolExecutor.runWorker(ThreadPoolExecutor.java:1136)
	at java.base/java.util.concurrent.ThreadPoolExecutor$Worker.run(ThreadPoolExecutor.java:635)
	at java.base/java.lang.Thread.run(Thread.java:833)

Multiple projectIds are not recommended in single project mode. Requested project ID compendium-tester, but the emulator is configured for dev-complexity-compendium. To opt-out of single project mode add/set the '"singleProjectMode": false' property in the firebase.json emulators config.
Multiple projectIds are not recommended in single project mode. Requested project ID compendium-tester, but the emulator is configured for dev-complexity-compendium. To opt-out of single project mode add/set the '"singleProjectMode": false' property in the firebase.json emulators config.
Multiple projectIds are not recommended in single project mode. Requested project ID compendium-tester, but the emulator is configured for dev-complexity-compendium. To opt-out of single project mode add/set the '"singleProjectMode": false' property in the firebase.json emulators config.
Nov 14, 2023 6:44:04 AM com.google.cloud.datastore.emulator.impl.util.WrappedStreamObserver onError
WARNING: Operation failed: 
evaluation error at L261:24 for 'delete' @ L261, false for 'delete' @ L261
com.google.cloud.datastore.core.exception.DatastoreException: 
evaluation error at L261:24 for 'delete' @ L261, false for 'delete' @ L261
	at com.google.cloud.datastore.core.exception.DatastoreException$Builder.build(DatastoreException.java:120)
	at com.google.cloud.datastore.emulator.impl.rules.EmulatorRulesAuthorizer.verboseError(EmulatorRulesAuthorizer.java:321)
	at com.google.cloud.datastore.emulator.impl.rules.EmulatorRulesAuthorizer.withVerboseErrors(EmulatorRulesAuthorizer.java:298)
	at com.google.cloud.datastore.emulator.impl.rules.EmulatorRulesAuthorizer.checkCommit(EmulatorRulesAuthorizer.java:130)
	at com.google.cloud.datastore.emulator.impl.firestore.CloudFirestoreV1.commitHelper(CloudFirestoreV1.java:1045)
	at com.google.cloud.datastore.emulator.impl.firestore.CloudFirestoreV1.internalCommit(CloudFirestoreV1.java:955)
	at com.google.cloud.datastore.emulator.impl.firestore.CloudFirestoreV1.internalCommit(CloudFirestoreV1.java:942)
	at com.google.cloud.datastore.emulator.impl.firestore.CloudFirestoreV1.write(CloudFirestoreV1.java:930)
	at com.google.cloud.datastore.emulator.impl.firestore.CloudFirestoreV1WriteStream.handleRequest(CloudFirestoreV1WriteStream.java:210)
	at com.google.cloud.datastore.emulator.impl.firestore.CloudFirestoreV1WriteStream.write(CloudFirestoreV1WriteStream.java:138)
	at com.google.cloud.datastore.emulator.impl.firestore.CloudFirestoreV1WriteStream.onNext(CloudFirestoreV1WriteStream.java:93)
	at com.google.cloud.datastore.emulator.impl.firestore.CloudFirestoreV1WriteStream.onNext(CloudFirestoreV1WriteStream.java:26)
	at io.grpc.stub.ServerCalls$StreamingServerCallHandler$StreamingServerCallListener.onMessage(ServerCalls.java:262)
	at io.grpc.ForwardingServerCallListener.onMessage(ForwardingServerCallListener.java:33)
	at io.grpc.Contexts$ContextualizedServerCallListener.onMessage(Contexts.java:76)
	at io.grpc.ForwardingServerCallListener.onMessage(ForwardingServerCallListener.java:33)
	at io.grpc.Contexts$ContextualizedServerCallListener.onMessage(Contexts.java:76)
	at io.grpc.internal.ServerCallImpl$ServerStreamListenerImpl.messagesAvailableInternal(ServerCallImpl.java:324)
	at io.grpc.internal.ServerCallImpl$ServerStreamListenerImpl.messagesAvailable(ServerCallImpl.java:309)
	at io.grpc.internal.ServerImpl$JumpToApplicationThreadServerStreamListener$1MessagesAvailable.runInContext(ServerImpl.java:833)
	at io.grpc.internal.ContextRunnable.run(ContextRunnable.java:37)
	at io.grpc.internal.SerializingExecutor.run(SerializingExecutor.java:133)
	at java.base/java.util.concurrent.ThreadPoolExecutor.runWorker(ThreadPoolExecutor.java:1136)
	at java.base/java.util.concurrent.ThreadPoolExecutor$Worker.run(ThreadPoolExecutor.java:635)
	at java.base/java.lang.Thread.run(Thread.java:833)

Multiple projectIds are not recommended in single project mode. Requested project ID compendium-tester, but the emulator is configured for dev-complexity-compendium. To opt-out of single project mode add/set the '"singleProjectMode": false' property in the firebase.json emulators config.
Multiple projectIds are not recommended in single project mode. Requested project ID compendium-tester, but the emulator is configured for dev-complexity-compendium. To opt-out of single project mode add/set the '"singleProjectMode": false' property in the firebase.json emulators config.
Multiple projectIds are not recommended in single project mode. Requested project ID compendium-tester, but the emulator is configured for dev-complexity-compendium. To opt-out of single project mode add/set the '"singleProjectMode": false' property in the firebase.json emulators config.
Nov 14, 2023 6:44:04 AM com.google.cloud.datastore.emulator.impl.util.WrappedStreamObserver onError
WARNING: Operation failed: 
evaluation error at L261:24 for 'delete' @ L261, false for 'delete' @ L261
com.google.cloud.datastore.core.exception.DatastoreException: 
evaluation error at L261:24 for 'delete' @ L261, false for 'delete' @ L261
	at com.google.cloud.datastore.core.exception.DatastoreException$Builder.build(DatastoreException.java:120)
	at com.google.cloud.datastore.emulator.impl.rules.EmulatorRulesAuthorizer.verboseError(EmulatorRulesAuthorizer.java:321)
	at com.google.cloud.datastore.emulator.impl.rules.EmulatorRulesAuthorizer.withVerboseErrors(EmulatorRulesAuthorizer.java:298)
	at com.google.cloud.datastore.emulator.impl.rules.EmulatorRulesAuthorizer.checkCommit(EmulatorRulesAuthorizer.java:130)
	at com.google.cloud.datastore.emulator.impl.firestore.CloudFirestoreV1.commitHelper(CloudFirestoreV1.java:1045)
	at com.google.cloud.datastore.emulator.impl.firestore.CloudFirestoreV1.internalCommit(CloudFirestoreV1.java:955)
	at com.google.cloud.datastore.emulator.impl.firestore.CloudFirestoreV1.internalCommit(CloudFirestoreV1.java:942)
	at com.google.cloud.datastore.emulator.impl.firestore.CloudFirestoreV1.write(CloudFirestoreV1.java:930)
	at com.google.cloud.datastore.emulator.impl.firestore.CloudFirestoreV1WriteStream.handleRequest(CloudFirestoreV1WriteStream.java:210)
	at com.google.cloud.datastore.emulator.impl.firestore.CloudFirestoreV1WriteStream.write(CloudFirestoreV1WriteStream.java:138)
	at com.google.cloud.datastore.emulator.impl.firestore.CloudFirestoreV1WriteStream.onNext(CloudFirestoreV1WriteStream.java:93)
	at com.google.cloud.datastore.emulator.impl.firestore.CloudFirestoreV1WriteStream.onNext(CloudFirestoreV1WriteStream.java:26)
	at io.grpc.stub.ServerCalls$StreamingServerCallHandler$StreamingServerCallListener.onMessage(ServerCalls.java:262)
	at io.grpc.ForwardingServerCallListener.onMessage(ForwardingServerCallListener.java:33)
	at io.grpc.Contexts$ContextualizedServerCallListener.onMessage(Contexts.java:76)
	at io.grpc.ForwardingServerCallListener.onMessage(ForwardingServerCallListener.java:33)
	at io.grpc.Contexts$ContextualizedServerCallListener.onMessage(Contexts.java:76)
	at io.grpc.internal.ServerCallImpl$ServerStreamListenerImpl.messagesAvailableInternal(ServerCallImpl.java:324)
	at io.grpc.internal.ServerCallImpl$ServerStreamListenerImpl.messagesAvailable(ServerCallImpl.java:309)
	at io.grpc.internal.ServerImpl$JumpToApplicationThreadServerStreamListener$1MessagesAvailable.runInContext(ServerImpl.java:833)
	at io.grpc.internal.ContextRunnable.run(ContextRunnable.java:37)
	at io.grpc.internal.SerializingExecutor.run(SerializingExecutor.java:133)
	at java.base/java.util.concurrent.ThreadPoolExecutor.runWorker(ThreadPoolExecutor.java:1136)
	at java.base/java.util.concurrent.ThreadPoolExecutor$Worker.run(ThreadPoolExecutor.java:635)
	at java.base/java.lang.Thread.run(Thread.java:833)

Multiple projectIds are not recommended in single project mode. Requested project ID compendium-tester, but the emulator is configured for dev-complexity-compendium. To opt-out of single project mode add/set the '"singleProjectMode": false' property in the firebase.json emulators config.
Multiple projectIds are not recommended in single project mode. Requested project ID compendium-tester, but the emulator is configured for dev-complexity-compendium. To opt-out of single project mode add/set the '"singleProjectMode": false' property in the firebase.json emulators config.
Multiple projectIds are not recommended in single project mode. Requested project ID compendium-tester, but the emulator is configured for dev-complexity-compendium. To opt-out of single project mode add/set the '"singleProjectMode": false' property in the firebase.json emulators config.
Nov 14, 2023 6:44:04 AM com.google.cloud.datastore.emulator.impl.util.WrappedStreamObserver onError
WARNING: Operation failed: 
evaluation error at L261:24 for 'delete' @ L261, false for 'delete' @ L261
com.google.cloud.datastore.core.exception.DatastoreException: 
evaluation error at L261:24 for 'delete' @ L261, false for 'delete' @ L261
	at com.google.cloud.datastore.core.exception.DatastoreException$Builder.build(DatastoreException.java:120)
	at com.google.cloud.datastore.emulator.impl.rules.EmulatorRulesAuthorizer.verboseError(EmulatorRulesAuthorizer.java:321)
	at com.google.cloud.datastore.emulator.impl.rules.EmulatorRulesAuthorizer.withVerboseErrors(EmulatorRulesAuthorizer.java:298)
	at com.google.cloud.datastore.emulator.impl.rules.EmulatorRulesAuthorizer.checkCommit(EmulatorRulesAuthorizer.java:130)
	at com.google.cloud.datastore.emulator.impl.firestore.CloudFirestoreV1.commitHelper(CloudFirestoreV1.java:1045)
	at com.google.cloud.datastore.emulator.impl.firestore.CloudFirestoreV1.internalCommit(CloudFirestoreV1.java:955)
	at com.google.cloud.datastore.emulator.impl.firestore.CloudFirestoreV1.internalCommit(CloudFirestoreV1.java:942)
	at com.google.cloud.datastore.emulator.impl.firestore.CloudFirestoreV1.write(CloudFirestoreV1.java:930)
	at com.google.cloud.datastore.emulator.impl.firestore.CloudFirestoreV1WriteStream.handleRequest(CloudFirestoreV1WriteStream.java:210)
	at com.google.cloud.datastore.emulator.impl.firestore.CloudFirestoreV1WriteStream.write(CloudFirestoreV1WriteStream.java:138)
	at com.google.cloud.datastore.emulator.impl.firestore.CloudFirestoreV1WriteStream.onNext(CloudFirestoreV1WriteStream.java:93)
	at com.google.cloud.datastore.emulator.impl.firestore.CloudFirestoreV1WriteStream.onNext(CloudFirestoreV1WriteStream.java:26)
	at io.grpc.stub.ServerCalls$StreamingServerCallHandler$StreamingServerCallListener.onMessage(ServerCalls.java:262)
	at io.grpc.ForwardingServerCallListener.onMessage(ForwardingServerCallListener.java:33)
	at io.grpc.Contexts$ContextualizedServerCallListener.onMessage(Contexts.java:76)
	at io.grpc.ForwardingServerCallListener.onMessage(ForwardingServerCallListener.java:33)
	at io.grpc.Contexts$ContextualizedServerCallListener.onMessage(Contexts.java:76)
	at io.grpc.internal.ServerCallImpl$ServerStreamListenerImpl.messagesAvailableInternal(ServerCallImpl.java:324)
	at io.grpc.internal.ServerCallImpl$ServerStreamListenerImpl.messagesAvailable(ServerCallImpl.java:309)
	at io.grpc.internal.ServerImpl$JumpToApplicationThreadServerStreamListener$1MessagesAvailable.runInContext(ServerImpl.java:833)
	at io.grpc.internal.ContextRunnable.run(ContextRunnable.java:37)
	at io.grpc.internal.SerializingExecutor.run(SerializingExecutor.java:133)
	at java.base/java.util.concurrent.ThreadPoolExecutor.runWorker(ThreadPoolExecutor.java:1136)
	at java.base/java.util.concurrent.ThreadPoolExecutor$Worker.run(ThreadPoolExecutor.java:635)
	at java.base/java.lang.Thread.run(Thread.java:833)

Multiple projectIds are not recommended in single project mode. Requested project ID compendium-tester, but the emulator is configured for dev-complexity-compendium. To opt-out of single project mode add/set the '"singleProjectMode": false' property in the firebase.json emulators config.
Multiple projectIds are not recommended in single project mode. Requested project ID compendium-tester, but the emulator is configured for dev-complexity-compendium. To opt-out of single project mode add/set the '"singleProjectMode": false' property in the firebase.json emulators config.
Multiple projectIds are not recommended in single project mode. Requested project ID compendium-tester, but the emulator is configured for dev-complexity-compendium. To opt-out of single project mode add/set the '"singleProjectMode": false' property in the firebase.json emulators config.
Nov 14, 2023 6:44:04 AM com.google.cloud.datastore.emulator.impl.util.WrappedStreamObserver onError
WARNING: Operation failed: 
evaluation error at L261:24 for 'delete' @ L261, false for 'delete' @ L261
com.google.cloud.datastore.core.exception.DatastoreException: 
evaluation error at L261:24 for 'delete' @ L261, false for 'delete' @ L261
	at com.google.cloud.datastore.core.exception.DatastoreException$Builder.build(DatastoreException.java:120)
	at com.google.cloud.datastore.emulator.impl.rules.EmulatorRulesAuthorizer.verboseError(EmulatorRulesAuthorizer.java:321)
	at com.google.cloud.datastore.emulator.impl.rules.EmulatorRulesAuthorizer.withVerboseErrors(EmulatorRulesAuthorizer.java:298)
	at com.google.cloud.datastore.emulator.impl.rules.EmulatorRulesAuthorizer.checkCommit(EmulatorRulesAuthorizer.java:130)
	at com.google.cloud.datastore.emulator.impl.firestore.CloudFirestoreV1.commitHelper(CloudFirestoreV1.java:1045)
	at com.google.cloud.datastore.emulator.impl.firestore.CloudFirestoreV1.internalCommit(CloudFirestoreV1.java:955)
	at com.google.cloud.datastore.emulator.impl.firestore.CloudFirestoreV1.internalCommit(CloudFirestoreV1.java:942)
	at com.google.cloud.datastore.emulator.impl.firestore.CloudFirestoreV1.write(CloudFirestoreV1.java:930)
	at com.google.cloud.datastore.emulator.impl.firestore.CloudFirestoreV1WriteStream.handleRequest(CloudFirestoreV1WriteStream.java:210)
	at com.google.cloud.datastore.emulator.impl.firestore.CloudFirestoreV1WriteStream.write(CloudFirestoreV1WriteStream.java:138)
	at com.google.cloud.datastore.emulator.impl.firestore.CloudFirestoreV1WriteStream.onNext(CloudFirestoreV1WriteStream.java:93)
	at com.google.cloud.datastore.emulator.impl.firestore.CloudFirestoreV1WriteStream.onNext(CloudFirestoreV1WriteStream.java:26)
	at io.grpc.stub.ServerCalls$StreamingServerCallHandler$StreamingServerCallListener.onMessage(ServerCalls.java:262)
	at io.grpc.ForwardingServerCallListener.onMessage(ForwardingServerCallListener.java:33)
	at io.grpc.Contexts$ContextualizedServerCallListener.onMessage(Contexts.java:76)
	at io.grpc.ForwardingServerCallListener.onMessage(ForwardingServerCallListener.java:33)
	at io.grpc.Contexts$ContextualizedServerCallListener.onMessage(Contexts.java:76)
	at io.grpc.internal.ServerCallImpl$ServerStreamListenerImpl.messagesAvailableInternal(ServerCallImpl.java:324)
	at io.grpc.internal.ServerCallImpl$ServerStreamListenerImpl.messagesAvailable(ServerCallImpl.java:309)
	at io.grpc.internal.ServerImpl$JumpToApplicationThreadServerStreamListener$1MessagesAvailable.runInContext(ServerImpl.java:833)
	at io.grpc.internal.ContextRunnable.run(ContextRunnable.java:37)
	at io.grpc.internal.SerializingExecutor.run(SerializingExecutor.java:133)
	at java.base/java.util.concurrent.ThreadPoolExecutor.runWorker(ThreadPoolExecutor.java:1136)
	at java.base/java.util.concurrent.ThreadPoolExecutor$Worker.run(ThreadPoolExecutor.java:635)
	at java.base/java.lang.Thread.run(Thread.java:833)

Multiple projectIds are not recommended in single project mode. Requested project ID compendium-tester, but the emulator is configured for dev-complexity-compendium. To opt-out of single project mode add/set the '"singleProjectMode": false' property in the firebase.json emulators config.
Multiple projectIds are not recommended in single project mode. Requested project ID compendium-tester, but the emulator is configured for dev-complexity-compendium. To opt-out of single project mode add/set the '"singleProjectMode": false' property in the firebase.json emulators config.
Multiple projectIds are not recommended in single project mode. Requested project ID compendium-tester, but the emulator is configured for dev-complexity-compendium. To opt-out of single project mode add/set the '"singleProjectMode": false' property in the firebase.json emulators config.
Multiple projectIds are not recommended in single project mode. Requested project ID compendium-tester, but the emulator is configured for dev-complexity-compendium. To opt-out of single project mode add/set the '"singleProjectMode": false' property in the firebase.json emulators config.
Multiple projectIds are not recommended in single project mode. Requested project ID compendium-tester, but the emulator is configured for dev-complexity-compendium. To opt-out of single project mode add/set the '"singleProjectMode": false' property in the firebase.json emulators config.
Multiple projectIds are not recommended in single project mode. Requested project ID compendium-tester, but the emulator is configured for dev-complexity-compendium. To opt-out of single project mode add/set the '"singleProjectMode": false' property in the firebase.json emulators config.
Multiple projectIds are not recommended in single project mode. Requested project ID compendium-tester, but the emulator is configured for dev-complexity-compendium. To opt-out of single project mode add/set the '"singleProjectMode": false' property in the firebase.json emulators config.
Multiple projectIds are not recommended in single project mode. Requested project ID compendium-tester, but the emulator is configured for dev-complexity-compendium. To opt-out of single project mode add/set the '"singleProjectMode": false' property in the firebase.json emulators config.
Multiple projectIds are not recommended in single project mode. Requested project ID compendium-tester, but the emulator is configured for dev-complexity-compendium. To opt-out of single project mode add/set the '"singleProjectMode": false' property in the firebase.json emulators config.
Multiple projectIds are not recommended in single project mode. Requested project ID compendium-tester, but the emulator is configured for dev-complexity-compendium. To opt-out of single project mode add/set the '"singleProjectMode": false' property in the firebase.json emulators config.
Nov 14, 2023 6:44:04 AM com.google.cloud.datastore.emulator.impl.util.WrappedStreamObserver onError
WARNING: Operation failed: 
evaluation error at L264:31 for 'delete' @ L264, false for 'delete' @ L264
com.google.cloud.datastore.core.exception.DatastoreException: 
evaluation error at L264:31 for 'delete' @ L264, false for 'delete' @ L264
	at com.google.cloud.datastore.core.exception.DatastoreException$Builder.build(DatastoreException.java:120)
	at com.google.cloud.datastore.emulator.impl.rules.EmulatorRulesAuthorizer.verboseError(EmulatorRulesAuthorizer.java:321)
	at com.google.cloud.datastore.emulator.impl.rules.EmulatorRulesAuthorizer.withVerboseErrors(EmulatorRulesAuthorizer.java:298)
	at com.google.cloud.datastore.emulator.impl.rules.EmulatorRulesAuthorizer.checkCommit(EmulatorRulesAuthorizer.java:130)
	at com.google.cloud.datastore.emulator.impl.firestore.CloudFirestoreV1.commitHelper(CloudFirestoreV1.java:1045)
	at com.google.cloud.datastore.emulator.impl.firestore.CloudFirestoreV1.internalCommit(CloudFirestoreV1.java:955)
	at com.google.cloud.datastore.emulator.impl.firestore.CloudFirestoreV1.internalCommit(CloudFirestoreV1.java:942)
	at com.google.cloud.datastore.emulator.impl.firestore.CloudFirestoreV1.write(CloudFirestoreV1.java:930)
	at com.google.cloud.datastore.emulator.impl.firestore.CloudFirestoreV1WriteStream.handleRequest(CloudFirestoreV1WriteStream.java:210)
	at com.google.cloud.datastore.emulator.impl.firestore.CloudFirestoreV1WriteStream.write(CloudFirestoreV1WriteStream.java:138)
	at com.google.cloud.datastore.emulator.impl.firestore.CloudFirestoreV1WriteStream.onNext(CloudFirestoreV1WriteStream.java:93)
	at com.google.cloud.datastore.emulator.impl.firestore.CloudFirestoreV1WriteStream.onNext(CloudFirestoreV1WriteStream.java:26)
	at io.grpc.stub.ServerCalls$StreamingServerCallHandler$StreamingServerCallListener.onMessage(ServerCalls.java:262)
	at io.grpc.ForwardingServerCallListener.onMessage(ForwardingServerCallListener.java:33)
	at io.grpc.Contexts$ContextualizedServerCallListener.onMessage(Contexts.java:76)
	at io.grpc.ForwardingServerCallListener.onMessage(ForwardingServerCallListener.java:33)
	at io.grpc.Contexts$ContextualizedServerCallListener.onMessage(Contexts.java:76)
	at io.grpc.internal.ServerCallImpl$ServerStreamListenerImpl.messagesAvailableInternal(ServerCallImpl.java:324)
	at io.grpc.internal.ServerCallImpl$ServerStreamListenerImpl.messagesAvailable(ServerCallImpl.java:309)
	at io.grpc.internal.ServerImpl$JumpToApplicationThreadServerStreamListener$1MessagesAvailable.runInContext(ServerImpl.java:833)
	at io.grpc.internal.ContextRunnable.run(ContextRunnable.java:37)
	at io.grpc.internal.SerializingExecutor.run(SerializingExecutor.java:133)
	at java.base/java.util.concurrent.ThreadPoolExecutor.runWorker(ThreadPoolExecutor.java:1136)
	at java.base/java.util.concurrent.ThreadPoolExecutor$Worker.run(ThreadPoolExecutor.java:635)
	at java.base/java.lang.Thread.run(Thread.java:833)

Multiple projectIds are not recommended in single project mode. Requested project ID compendium-tester, but the emulator is configured for dev-complexity-compendium. To opt-out of single project mode add/set the '"singleProjectMode": false' property in the firebase.json emulators config.
Multiple projectIds are not recommended in single project mode. Requested project ID compendium-tester, but the emulator is configured for dev-complexity-compendium. To opt-out of single project mode add/set the '"singleProjectMode": false' property in the firebase.json emulators config.
Multiple projectIds are not recommended in single project mode. Requested project ID compendium-tester, but the emulator is configured for dev-complexity-compendium. To opt-out of single project mode add/set the '"singleProjectMode": false' property in the firebase.json emulators config.
Multiple projectIds are not recommended in single project mode. Requested project ID compendium-tester, but the emulator is configured for dev-complexity-compendium. To opt-out of single project mode add/set the '"singleProjectMode": false' property in the firebase.json emulators config.
Multiple projectIds are not recommended in single project mode. Requested project ID compendium-tester, but the emulator is configured for dev-complexity-compendium. To opt-out of single project mode add/set the '"singleProjectMode": false' property in the firebase.json emulators config.
Multiple projectIds are not recommended in single project mode. Requested project ID compendium-tester, but the emulator is configured for dev-complexity-compendium. To opt-out of single project mode add/set the '"singleProjectMode": false' property in the firebase.json emulators config.
Multiple projectIds are not recommended in single project mode. Requested project ID compendium-tester, but the emulator is configured for dev-complexity-compendium. To opt-out of single project mode add/set the '"singleProjectMode": false' property in the firebase.json emulators config.
Multiple projectIds are not recommended in single project mode. Requested project ID compendium-tester, but the emulator is configured for dev-complexity-compendium. To opt-out of single project mode add/set the '"singleProjectMode": false' property in the firebase.json emulators config.
Multiple projectIds are not recommended in single project mode. Requested project ID compendium-tester, but the emulator is configured for dev-complexity-compendium. To opt-out of single project mode add/set the '"singleProjectMode": false' property in the firebase.json emulators config.
Nov 14, 2023 6:44:04 AM com.google.cloud.datastore.emulator.impl.util.WrappedStreamObserver onError
WARNING: Operation failed: 
Unable to evaluate the expression as the maximum of 1000 expressions to evaluate has been reached. for 'update' @ L259, false for 'update' @ L259
com.google.cloud.datastore.core.exception.DatastoreException: 
Unable to evaluate the expression as the maximum of 1000 expressions to evaluate has been reached. for 'update' @ L259, false for 'update' @ L259
	at com.google.cloud.datastore.core.exception.DatastoreException$Builder.build(DatastoreException.java:120)
	at com.google.cloud.datastore.emulator.impl.rules.EmulatorRulesAuthorizer.verboseError(EmulatorRulesAuthorizer.java:321)
	at com.google.cloud.datastore.emulator.impl.rules.EmulatorRulesAuthorizer.withVerboseErrors(EmulatorRulesAuthorizer.java:298)
	at com.google.cloud.datastore.emulator.impl.rules.EmulatorRulesAuthorizer.checkCommit(EmulatorRulesAuthorizer.java:130)
	at com.google.cloud.datastore.emulator.impl.firestore.CloudFirestoreV1.commitHelper(CloudFirestoreV1.java:1045)
	at com.google.cloud.datastore.emulator.impl.firestore.CloudFirestoreV1.internalCommit(CloudFirestoreV1.java:955)
	at com.google.cloud.datastore.emulator.impl.firestore.CloudFirestoreV1.internalCommit(CloudFirestoreV1.java:942)
	at com.google.cloud.datastore.emulator.impl.firestore.CloudFirestoreV1.write(CloudFirestoreV1.java:930)
	at com.google.cloud.datastore.emulator.impl.firestore.CloudFirestoreV1WriteStream.handleRequest(CloudFirestoreV1WriteStream.java:210)
	at com.google.cloud.datastore.emulator.impl.firestore.CloudFirestoreV1WriteStream.write(CloudFirestoreV1WriteStream.java:138)
	at com.google.cloud.datastore.emulator.impl.firestore.CloudFirestoreV1WriteStream.onNext(CloudFirestoreV1WriteStream.java:93)
	at com.google.cloud.datastore.emulator.impl.firestore.CloudFirestoreV1WriteStream.onNext(CloudFirestoreV1WriteStream.java:26)
	at io.grpc.stub.ServerCalls$StreamingServerCallHandler$StreamingServerCallListener.onMessage(ServerCalls.java:262)
	at io.grpc.ForwardingServerCallListener.onMessage(ForwardingServerCallListener.java:33)
	at io.grpc.Contexts$ContextualizedServerCallListener.onMessage(Contexts.java:76)
	at io.grpc.ForwardingServerCallListener.onMessage(ForwardingServerCallListener.java:33)
	at io.grpc.Contexts$ContextualizedServerCallListener.onMessage(Contexts.java:76)
	at io.grpc.internal.ServerCallImpl$ServerStreamListenerImpl.messagesAvailableInternal(ServerCallImpl.java:324)
	at io.grpc.internal.ServerCallImpl$ServerStreamListenerImpl.messagesAvailable(ServerCallImpl.java:309)
	at io.grpc.internal.ServerImpl$JumpToApplicationThreadServerStreamListener$1MessagesAvailable.runInContext(ServerImpl.java:833)
	at io.grpc.internal.ContextRunnable.run(ContextRunnable.java:37)
	at io.grpc.internal.SerializingExecutor.run(SerializingExecutor.java:133)
	at java.base/java.util.concurrent.ThreadPoolExecutor.runWorker(ThreadPoolExecutor.java:1136)
	at java.base/java.util.concurrent.ThreadPoolExecutor$Worker.run(ThreadPoolExecutor.java:635)
	at java.base/java.lang.Thread.run(Thread.java:833)

Multiple projectIds are not recommended in single project mode. Requested project ID compendium-tester, but the emulator is configured for dev-complexity-compendium. To opt-out of single project mode add/set the '"singleProjectMode": false' property in the firebase.json emulators config.
Multiple projectIds are not recommended in single project mode. Requested project ID compendium-tester, but the emulator is configured for dev-complexity-compendium. To opt-out of single project mode add/set the '"singleProjectMode": false' property in the firebase.json emulators config.
Multiple projectIds are not recommended in single project mode. Requested project ID compendium-tester, but the emulator is configured for dev-complexity-compendium. To opt-out of single project mode add/set the '"singleProjectMode": false' property in the firebase.json emulators config.
Nov 14, 2023 6:44:04 AM com.google.cloud.datastore.emulator.impl.util.WrappedStreamObserver onError
WARNING: Operation failed: 
Unable to evaluate the expression as the maximum of 1000 expressions to evaluate has been reached. for 'update' @ L259, Property permissions is undefined on object. for 'update' @ L259
com.google.cloud.datastore.core.exception.DatastoreException: 
Unable to evaluate the expression as the maximum of 1000 expressions to evaluate has been reached. for 'update' @ L259, Property permissions is undefined on object. for 'update' @ L259
	at com.google.cloud.datastore.core.exception.DatastoreException$Builder.build(DatastoreException.java:120)
	at com.google.cloud.datastore.emulator.impl.rules.EmulatorRulesAuthorizer.verboseError(EmulatorRulesAuthorizer.java:321)
	at com.google.cloud.datastore.emulator.impl.rules.EmulatorRulesAuthorizer.withVerboseErrors(EmulatorRulesAuthorizer.java:298)
	at com.google.cloud.datastore.emulator.impl.rules.EmulatorRulesAuthorizer.checkCommit(EmulatorRulesAuthorizer.java:130)
	at com.google.cloud.datastore.emulator.impl.firestore.CloudFirestoreV1.commitHelper(CloudFirestoreV1.java:1045)
	at com.google.cloud.datastore.emulator.impl.firestore.CloudFirestoreV1.internalCommit(CloudFirestoreV1.java:955)
	at com.google.cloud.datastore.emulator.impl.firestore.CloudFirestoreV1.internalCommit(CloudFirestoreV1.java:942)
	at com.google.cloud.datastore.emulator.impl.firestore.CloudFirestoreV1.write(CloudFirestoreV1.java:930)
	at com.google.cloud.datastore.emulator.impl.firestore.CloudFirestoreV1WriteStream.handleRequest(CloudFirestoreV1WriteStream.java:210)
	at com.google.cloud.datastore.emulator.impl.firestore.CloudFirestoreV1WriteStream.write(CloudFirestoreV1WriteStream.java:138)
	at com.google.cloud.datastore.emulator.impl.firestore.CloudFirestoreV1WriteStream.onNext(CloudFirestoreV1WriteStream.java:93)
	at com.google.cloud.datastore.emulator.impl.firestore.CloudFirestoreV1WriteStream.onNext(CloudFirestoreV1WriteStream.java:26)
	at io.grpc.stub.ServerCalls$StreamingServerCallHandler$StreamingServerCallListener.onMessage(ServerCalls.java:262)
	at io.grpc.ForwardingServerCallListener.onMessage(ForwardingServerCallListener.java:33)
	at io.grpc.Contexts$ContextualizedServerCallListener.onMessage(Contexts.java:76)
	at io.grpc.ForwardingServerCallListener.onMessage(ForwardingServerCallListener.java:33)
	at io.grpc.Contexts$ContextualizedServerCallListener.onMessage(Contexts.java:76)
	at io.grpc.internal.ServerCallImpl$ServerStreamListenerImpl.messagesAvailableInternal(ServerCallImpl.java:324)
	at io.grpc.internal.ServerCallImpl$ServerStreamListenerImpl.messagesAvailable(ServerCallImpl.java:309)
	at io.grpc.internal.ServerImpl$JumpToApplicationThreadServerStreamListener$1MessagesAvailable.runInContext(ServerImpl.java:833)
	at io.grpc.internal.ContextRunnable.run(ContextRunnable.java:37)
	at io.grpc.internal.SerializingExecutor.run(SerializingExecutor.java:133)
	at java.base/java.util.concurrent.ThreadPoolExecutor.runWorker(ThreadPoolExecutor.java:1136)
	at java.base/java.util.concurrent.ThreadPoolExecutor$Worker.run(ThreadPoolExecutor.java:635)
	at java.base/java.lang.Thread.run(Thread.java:833)
Caused by: com.google.firebase.rules.runtime.common.EvaluationException: Error:  line [69], column [124]. Property permissions is undefined on object.
	at com.google.firebase.rules.runtime.impl.DefaultEvaluator$TransformEvaluationException.apply(DefaultEvaluator.java:275)
	at com.google.firebase.rules.runtime.impl.DefaultEvaluator$TransformEvaluationException.apply(DefaultEvaluator.java:261)
	at com.google.common.util.concurrent.AbstractCatchingFuture$AsyncCatchingFuture.doFallback(AbstractCatchingFuture.java:206)
	at com.google.common.util.concurrent.AbstractCatchingFuture$AsyncCatchingFuture.doFallback(AbstractCatchingFuture.java:193)
	at com.google.common.util.concurrent.AbstractCatchingFuture.run(AbstractCatchingFuture.java:135)
	at com.google.common.util.concurrent.DirectExecutor.execute(DirectExecutor.java:32)
	at com.google.common.util.concurrent.AbstractFuture.executeListener(AbstractFuture.java:1293)
	at com.google.common.util.concurrent.AbstractFuture.addListener(AbstractFuture.java:764)
	at com.google.common.util.concurrent.FluentFuture$TrustedFuture.addListener(FluentFuture.java:122)
	at com.google.common.util.concurrent.AbstractCatchingFuture.create(AbstractCatchingFuture.java:58)
	at com.google.common.util.concurrent.Futures.catchingAsync(Futures.java:411)
	at com.google.firebase.rules.runtime.impl.DefaultEvaluator.evaluate(DefaultEvaluator.java:177)
	at com.google.cloud.datastore.emulator.impl.rules.EmulatorRuleClient$EmulatorRuleEvaluator.evaluate(EmulatorRuleClient.java:84)
	at com.google.cloud.datastore.core.auth.rules.AsyncTwoPhaseRulesAuthorizer.lambda$fullEvaluate$9(AsyncTwoPhaseRulesAuthorizer.java:944)
	at com.google.cloud.datastore.computation.Computation.tryCatch(Computation.java:373)
	at com.google.cloud.datastore.core.auth.rules.AsyncTwoPhaseRulesAuthorizer.fullEvaluate(AsyncTwoPhaseRulesAuthorizer.java:943)
	at com.google.cloud.datastore.core.auth.rules.AsyncTwoPhaseRulesAuthorizer$CommitAuthorizerImpl.lambda$checkWrite$1(AsyncTwoPhaseRulesAuthorizer.java:1176)
	at com.google.cloud.datastore.computation.Computation.lambda$tryClose$26(Computation.java:642)
	at com.google.cloud.datastore.computation.Computation.tryCatch(Computation.java:373)
	at com.google.cloud.datastore.computation.Computation.tryFinally(Computation.java:609)
	at com.google.cloud.datastore.computation.Computation.tryFinally(Computation.java:615)
	at com.google.cloud.datastore.computation.Computation.tryClose(Computation.java:642)
	at com.google.cloud.datastore.core.auth.rules.AsyncTwoPhaseRulesAuthorizer$CommitAuthorizerImpl.checkWrite(AsyncTwoPhaseRulesAuthorizer.java:1145)
	at com.google.cloud.datastore.emulator.impl.rules.EmulatorRulesAuthorizer.lambda$checkCommit$0(EmulatorRulesAuthorizer.java:140)
	at com.google.cloud.datastore.emulator.impl.rules.EmulatorRulesAuthorizer.withVerboseErrors(EmulatorRulesAuthorizer.java:293)
	... 22 more

Multiple projectIds are not recommended in single project mode. Requested project ID compendium-tester, but the emulator is configured for dev-complexity-compendium. To opt-out of single project mode add/set the '"singleProjectMode": false' property in the firebase.json emulators config.
Multiple projectIds are not recommended in single project mode. Requested project ID compendium-tester, but the emulator is configured for dev-complexity-compendium. To opt-out of single project mode add/set the '"singleProjectMode": false' property in the firebase.json emulators config.
Multiple projectIds are not recommended in single project mode. Requested project ID compendium-tester, but the emulator is configured for dev-complexity-compendium. To opt-out of single project mode add/set the '"singleProjectMode": false' property in the firebase.json emulators config.
*** shutting down gRPC server since JVM is shutting down
*** server shut down
231114 06:44:05.063:I 1 [main] [com.google.cloud.datastore.emulator.firestore.websocket.WebSocketServer.stop:80] Stopping WebSocket server...
